,tom_agent_class,tom_agent_softmax_temp,tom_agent_num_hypotheses,timestamp,total_wins,total_losses,win_percentage,total_ties,loss_percentage,tie_percentage,seed,total_cost,sequential_agent_class,total_time
0,hm_gpt4o,0.2,5.0,2024-08-12_20-35-40,233.0,22.0,0.7766666666666666,45.0,0.0733333333333333,0.15,,,self_transition_up,
1,hm_gpt4o,0.2,5.0,2024-08-20_18-25-53,242.0,29.0,0.8066666666666666,29.0,0.0966666666666666,0.0966666666666666,,,self_transition_down,
2,hm_gpt4o,0.2,5.0,2024-08-21_10-21-15,230.0,30.0,0.7666666666666667,40.0,0.1,0.1333333333333333,,,self_transition_down,
3,hm_gpt4o,0.2,5.0,2024-08-21_10-47-04,239.0,39.0,0.7966666666666666,22.0,0.13,0.0733333333333333,,,opponent_transition_up,
4,hm_gpt4o,0.2,5.0,2024-08-21_12-12-31,40.0,193.0,0.1333333333333333,67.0,0.6433333333333333,0.2233333333333333,,,opponent_transition_stay,
5,hm_gpt4o,0.2,5.0,2024-08-21_12-32-57,114.0,96.0,0.38,90.0,0.32,0.3,,,W_stay_L_up_T_down,
6,hm_gpt4o,0.2,5.0,2024-08-21_13-15-58,222.0,40.0,0.74,38.0,0.1333333333333333,0.1266666666666666,,,self_transition_down,
7,hm_gpt4o,0.2,5.0,2024-08-21_13-44-03,67.0,165.0,0.2233333333333333,68.0,0.55,0.2266666666666666,,,opponent_transition_stay,
8,hm_gpt4o,0.2,5.0,2024-08-21_14-26-31,118.0,87.0,0.3933333333333333,95.0,0.29,0.3166666666666666,,,W_stay_L_up_T_down,
9,hm_gpt4o,0.2,5.0,2024-08-21_15-13-00,203.0,63.0,0.6766666666666666,34.0,0.21,0.1133333333333333,,,self_transition_up,
10,hm_gpt4o,0.2,5.0,2024-08-21_18-07-20,128.0,88.0,0.4266666666666667,84.0,0.2933333333333333,0.28,,,W_up_L_down_T_stay,
11,hm_gpt4o,0.2,5.0,2024-08-21_18-08-02,123.0,87.0,0.41,90.0,0.29,0.3,,,W_stay_L_up_T_down,
12,hm_gpt4o,0.2,5.0,2024-08-22_13-48-31,203.0,72.0,0.6766666666666666,25.0,0.24,0.0833333333333333,,,opponent_transition_up,
13,hm_gpt4o,0.2,5.0,2024-08-22_14-07-00,230.0,38.0,0.7666666666666667,32.0,0.1266666666666666,0.1066666666666666,,,self_transition_up,
14,hm_gpt4o,0.2,5.0,2024-08-25_10-58-42,56.0,175.0,0.1866666666666666,69.0,0.5833333333333334,0.23,,,opponent_transition_stay,
15,hm_gpt4o,0.2,5.0,2024-08-26_10-54-35,239.0,35.0,0.7966666666666666,26.0,0.1166666666666666,0.0866666666666666,,,opponent_transition_up,
16,hm_gpt4o,0.2,5.0,2024-08-26_11-37-09,114.0,92.0,0.38,94.0,0.3066666666666666,0.3133333333333333,,,W_up_L_down_T_stay,
17,hm_gpt4o,0.2,5.0,2024-08-26_12-21-12,102.0,86.0,0.34,112.0,0.2866666666666667,0.3733333333333333,,,W_up_L_down_T_stay,
18,hm_gpt35,0.2,5.0,2024-08-26_17-18-20,105.0,67.0,0.35,128.0,0.2233333333333333,0.4266666666666667,,,self_transition_up,
19,hm_gpt35,0.2,5.0,2024-08-26_18-24-14,65.0,169.0,0.2166666666666666,66.0,0.5633333333333334,0.22,,,self_transition_down,
20,hm_gpt35,0.2,5.0,2024-08-26_19-36-25,132.0,89.0,0.44,79.0,0.2966666666666667,0.2633333333333333,,,self_transition_down,
21,hm_gpt35,0.2,5.0,2024-08-26_20-06-04,48.0,179.0,0.16,73.0,0.5966666666666667,0.2433333333333333,,,self_transition_down,
22,hm_gpt35,0.2,5.0,2024-08-26_20-45-25,173.0,73.0,0.5766666666666667,54.0,0.2433333333333333,0.18,,,opponent_transition_up,
23,hm_gpt35,0.2,5.0,2024-08-26_21-04-31,210.0,57.0,0.7,33.0,0.19,0.11,,,opponent_transition_up,
24,hm_gpt35,0.2,5.0,2024-08-26_21-18-02,216.0,58.0,0.72,26.0,0.1933333333333333,0.0866666666666666,,,opponent_transition_up,
25,hm_gpt35,0.2,5.0,2024-08-27_15-14-02,145.0,92.0,0.4833333333333333,63.0,0.3066666666666666,0.21,,,W_up_L_down_T_stay,
26,hm_gpt35,0.2,5.0,2024-08-28_14-07-19,130.0,99.0,0.4333333333333333,71.0,0.33,0.2366666666666666,,,W_up_L_down_T_stay,
27,hm_gpt4o,0.2,5.0,2024-09-13_15-46-03,80.0,142.0,0.2666666666666666,78.0,0.4733333333333333,0.26,,,prev_outcome_prev_transition,
28,hm_gpt4o,0.2,5.0,2024-09-13_16-58-39,74.0,131.0,0.2466666666666666,95.0,0.4366666666666666,0.3166666666666666,,,prev_outcome_prev_transition,
29,hm_gpt4o,0.2,5.0,2024-09-13_17-48-21,78.0,137.0,0.26,85.0,0.4566666666666666,0.2833333333333333,,,prev_outcome_prev_transition,
30,hm_gpt35,0.2,5.0,2024-09-16_09-30-36,80.0,140.0,0.2666666666666666,80.0,0.4666666666666667,0.2666666666666666,,,prev_outcome_prev_transition,
31,hm_gpt35,0.2,5.0,2024-09-17_10-50-58,66.0,62.0,0.22,172.0,0.2066666666666666,0.5733333333333334,,,self_transition_up,
32,hm_gpt35,0.2,5.0,2024-09-17_12-09-34,66.0,45.0,0.22,189.0,0.15,0.63,,,self_transition_up,
33,hm_gpt4o,0.2,5.0,2024-09-24_18-56-19,60.0,155.0,0.2,85.0,0.5166666666666667,0.2833333333333333,,,opponent_transition_stay,
34,hm_gpt4o,0.2,5.0,2024-10-29_12-58-26,268.0,23.0,0.8933333333333333,9.0,0.0766666666666666,0.03,,,W_stay_L_up_T_down,
35,hm_gpt4o,0.2,5.0,2024-10-29_13-31-51,267.0,18.0,0.89,15.0,0.06,0.05,,,W_up_L_down_T_stay,
36,give_hypothesis_gpt4o,0.2,5.0,2024-10-29_16-17-33,252.0,36.0,0.84,12.0,0.12,0.04,,,self_transition_up,
37,give_hypothesis_gpt4o,0.2,5.0,2024-10-29_16-42-55,260.0,14.0,0.8666666666666667,26.0,0.0466666666666666,0.0866666666666666,,,self_transition_down,
38,give_hypothesis_gpt4o,0.2,5.0,2024-10-29_17-30-54,269.0,15.0,0.8966666666666666,16.0,0.05,0.0533333333333333,,,opponent_transition_up,
39,give_hypothesis_gpt4o,0.2,5.0,2024-10-29_18-18-41,273.0,16.0,0.91,11.0,0.0533333333333333,0.0366666666666666,,,opponent_transition_stay,
40,choose_hypothesis_gpt4o,0.2,5.0,2024-10-31_20-47-10,52.0,202.0,0.1733333333333333,46.0,0.6733333333333333,0.1533333333333333,,,opponent_transition_stay,
41,choose_hypothesis_gpt4o,0.2,5.0,2024-10-31_21-59-20,107.0,97.0,0.5245098039215687,0.0,0.4754901960784313,0.0,,6.0491,self_transition_up,
42,choose_hypothesis_gpt4o,0.2,5.0,2024-10-31_23-17-24,100.0,101.0,0.4975124378109453,0.0,0.5024875621890548,0.0,,6.0984,self_transition_up,
43,choose_hypothesis_gpt4o,0.2,5.0,2024-11-01_00-45-41,125.0,97.0,0.5630630630630631,0.0,0.4369369369369369,0.0,,6.0004,self_transition_up,
44,choose_hypothesis_gpt4o,0.2,5.0,2024-11-01_02-17-45,83.0,102.0,0.4486486486486487,0.0,0.5513513513513514,0.0,,5.561,self_transition_down,
45,choose_hypothesis_gpt4o,0.2,5.0,2024-11-01_03-38-06,108.0,93.0,0.5373134328358209,0.0,0.4626865671641791,0.0,,5.8264,self_transition_down,
46,choose_hypothesis_gpt4o,0.2,5.0,2024-11-01_04-52-19,80.0,127.0,0.3864734299516908,0.0,0.6135265700483091,0.0,,5.2914,self_transition_down,
47,choose_hypothesis_gpt4o,0.2,5.0,2024-11-01_05-56-14,115.0,68.0,0.6284153005464481,0.0,0.3715846994535519,0.0,,5.4696,opponent_transition_up,
48,choose_hypothesis_gpt4o,0.2,5.0,2024-11-01_07-36-15,123.0,68.0,0.643979057591623,0.0,0.3560209424083769,0.0,,5.1935,opponent_transition_up,
49,choose_hypothesis_gpt4o,0.2,5.0,2024-11-01_09-28-09,115.0,95.0,0.3833333333333333,90.0,0.3166666666666666,0.3,,6.3046,self_transition_up,
50,choose_hypothesis_gpt4o,0.2,5.0,2024-11-01_11-06-54,125.0,94.0,0.4166666666666667,81.0,0.3133333333333333,0.27,,6.2536,self_transition_up,
51,choose_hypothesis_gpt4o,0.2,5.0,2024-11-01_12-50-57,97.0,98.0,0.3233333333333333,105.0,0.3266666666666666,0.35,,5.486,self_transition_down,
52,choose_hypothesis_gpt4o,0.2,5.0,2024-11-01_14-05-34,123.0,96.0,0.41,81.0,0.32,0.27,,5.9039,self_transition_down,
53,choose_hypothesis_gpt4o,0.2,5.0,2024-11-01_15-32-16,122.0,72.0,0.4066666666666667,106.0,0.24,0.3533333333333333,,5.4103,opponent_transition_up,
54,choose_hypothesis_gpt4o,0.2,5.0,2024-11-01_16-58-48,139.0,67.0,0.4633333333333333,94.0,0.2233333333333333,0.3133333333333333,,6.9641,opponent_transition_up,
55,choose_hypothesis_gpt4o,0.2,5.0,2024-11-01_18-53-39,84.0,151.0,0.28,65.0,0.5033333333333333,0.2166666666666666,,5.3406,opponent_transition_stay,
56,choose_hypothesis_gpt4o,0.2,5.0,2024-11-01_20-07-04,98.0,135.0,0.3266666666666666,67.0,0.45,0.2233333333333333,,5.5714,opponent_transition_stay,
57,choose_hypothesis_gpt4o,0.2,5.0,2024-11-01_21-24-39,71.0,183.0,0.2366666666666666,46.0,0.61,0.1533333333333333,,5.3858,opponent_transition_stay,
58,choose_hypothesis_gpt4o,0.2,5.0,2024-11-01_22-25-07,173.0,106.0,0.5766666666666667,21.0,0.3533333333333333,0.07,,6.5051,W_stay_L_up_T_down,
59,choose_hypothesis_gpt4o,0.2,5.0,2024-11-01_23-49-47,163.0,108.0,0.5433333333333333,29.0,0.36,0.0966666666666666,,6.0132,W_stay_L_up_T_down,
60,choose_hypothesis_gpt4o,0.2,5.0,2024-11-02_01-01-43,155.0,113.0,0.5166666666666667,32.0,0.3766666666666666,0.1066666666666666,,5.4018,W_stay_L_up_T_down,
61,choose_hypothesis_gpt4o,0.2,5.0,2024-11-02_02-26-16,153.0,34.0,0.51,113.0,0.1133333333333333,0.3766666666666666,,5.4818,W_up_L_down_T_stay,
62,choose_hypothesis_gpt4o,0.2,5.0,2024-11-02_03-45-34,152.0,40.0,0.5066666666666667,108.0,0.1333333333333333,0.36,,5.767,W_up_L_down_T_stay,
63,choose_hypothesis_gpt4o,0.2,5.0,2024-11-02_05-15-20,160.0,35.0,0.5333333333333333,105.0,0.1166666666666666,0.35,,5.3421,W_up_L_down_T_stay,
64,choose_hypothesis_gpt4o,0.2,5.0,2024-11-02_06-31-14,102.0,92.0,0.34,106.0,0.3066666666666666,0.3533333333333333,,5.1811,prev_outcome_prev_transition,
65,choose_hypothesis_gpt4o,0.2,5.0,2024-11-02_07-38-11,85.0,104.0,0.2,,,,,,,
66,choose_hypothesis_gpt4o,0.2,5.0,2024-11-02_08-43-22,97.0,113.0,0.3233333333333333,90.0,0.3766666666666666,0.3,,5.5222,,
67,give_hypothesis_gpt4o,0.2,5.0,2024-11-04_16-23-10,254.0,28.0,0.8466666666666667,18.0,0.0933333333333333,0.06,1.0,1.6645,self_transition_up,16.1
68,give_hypothesis_gpt4o,0.2,5.0,2024-11-04_16-39-17,251.0,33.0,0.8366666666666667,16.0,0.11,0.0533333333333333,2.0,1.6631,self_transition_up,15.7
69,give_hypothesis_gpt4o,0.2,5.0,2024-11-04_16-54-59,251.0,17.0,0.8366666666666667,32.0,0.0566666666666666,0.1066666666666666,1.0,1.6614,self_transition_down,15.4
70,give_hypothesis_gpt4o,0.2,5.0,2024-11-04_17-10-25,253.0,20.0,0.8433333333333334,27.0,0.0666666666666666,0.09,2.0,1.6628,self_transition_down,15.8
71,give_hypothesis_gpt4o,0.2,5.0,2024-11-04_17-26-11,267.0,16.0,0.89,17.0,0.0533333333333333,0.0566666666666666,1.0,1.6404,opponent_transition_up,13.3
72,give_hypothesis_gpt4o,0.2,5.0,2024-11-04_17-39-30,274.0,12.0,0.9133333333333332,14.0,0.04,0.0466666666666666,2.0,1.6378,opponent_transition_up,12.7
73,give_hypothesis_gpt4o,0.2,5.0,2024-11-04_17-52-10,269.0,16.0,0.8966666666666666,15.0,0.0533333333333333,0.05,1.0,1.6424,opponent_transition_stay,15.5
74,give_hypothesis_gpt4o,0.2,5.0,2024-11-04_18-07-41,271.0,16.0,0.9033333333333332,13.0,0.0533333333333333,0.0433333333333333,2.0,1.6444,opponent_transition_stay,16.2
75,give_hypothesis_gpt4o,0.2,5.0,2024-11-04_18-23-52,255.0,31.0,0.85,14.0,0.1033333333333333,0.0466666666666666,0.0,1.7104,W_stay_L_up_T_down,16.7
76,give_hypothesis_gpt4o,0.2,5.0,2024-11-04_18-40-34,245.0,33.0,0.8166666666666667,22.0,0.11,0.0733333333333333,1.0,1.7088,W_stay_L_up_T_down,14.0
77,give_hypothesis_gpt4o,0.2,5.0,2024-11-04_18-54-35,259.0,25.0,0.8633333333333333,16.0,0.0833333333333333,0.0533333333333333,2.0,1.7111,W_stay_L_up_T_down,14.5
78,give_hypothesis_gpt4o,0.2,5.0,2024-11-04_19-09-08,245.0,23.0,0.8166666666666667,32.0,0.0766666666666666,0.1066666666666666,0.0,1.7296,W_up_L_down_T_stay,15.1
79,give_hypothesis_gpt4o,0.2,5.0,2024-11-04_19-24-16,244.0,18.0,0.8133333333333334,38.0,0.06,0.1266666666666666,1.0,1.7261,W_up_L_down_T_stay,13.4
80,give_hypothesis_gpt4o,0.2,5.0,2024-11-04_19-37-41,244.0,29.0,0.8133333333333334,27.0,0.0966666666666666,0.09,2.0,1.7293,W_up_L_down_T_stay,13.7
81,give_hypothesis_gpt4o,0.2,5.0,2024-11-04_19-51-23,62.0,169.0,0.2066666666666666,69.0,0.5633333333333334,0.23,0.0,2.007,prev_outcome_prev_transition,15.0
82,give_hypothesis_gpt4o,0.2,5.0,2024-11-04_20-06-25,65.0,172.0,0.2166666666666666,63.0,0.5733333333333334,0.21,1.0,2.0044,prev_outcome_prev_transition,14.8
83,give_hypothesis_gpt4o,0.2,5.0,2024-11-04_20-21-13,66.0,163.0,0.22,71.0,0.5433333333333333,0.2366666666666666,2.0,2.0038,prev_outcome_prev_transition,14.1
84,choose_hypothesis_gpt4o,0.2,5.0,2024-11-05_08-50-09,94.0,105.0,0.3133333333333333,101.0,0.35,0.3366666666666666,1.0,5.3708,prev_outcome_prev_transition,86.7
85,choose_hypothesis_gpt4o,0.2,5.0,2024-11-05_10-16-54,103.0,94.0,0.3433333333333333,103.0,0.3133333333333333,0.3433333333333333,2.0,5.3818,prev_outcome_prev_transition,79.6
86,choose_hypothesis_gpt4o,0.2,5.0,2024-11-05_11-36-34,89.0,96.0,0.2966666666666667,115.0,0.32,0.3833333333333333,3.0,5.1229,prev_outcome_prev_transition,64.1
87,hm_llama3,0.2,5.0,2024-11-05_10-28-26,76.0,148.0,0.2533333333333333,76.0,0.4933333333333333,0.2533333333333333,0.0,0.0,prev_outcome_prev_transition,302.9
88,choose_hypothesis_gpt4o,0.2,5.0,2024-11-05_15-34-51,142.0,83.0,0.4733333333333333,75.0,0.2766666666666666,0.25,,5.5802,self_transition_up,95.6
89,hm_llama3,0.2,5.0,2024-11-05_15-31-21,86.0,136.0,0.2866666666666667,78.0,0.4533333333333333,0.26,1.0,0.0,prev_outcome_prev_transition,311.2
90,hm_mod_memory_gpt4o,0.2,5.0,2025-01-08_15-20-38,107.0,111.0,0.3566666666666667,82.0,0.37,0.2733333333333333,,16.9232,opponent_transition_stay,74.0
91,hm_mod_memory_gpt4o,0.2,5.0,2025-01-08_16-09-20,203.0,55.0,0.6766666666666666,42.0,0.1833333333333333,0.14,,7.2677,opponent_transition_stay,45.7
92,hm_llama3,0.2,5.0,2025-02-04_15-58-26,83.0,107.0,0.2766666666666666,110.0,0.3566666666666667,0.3666666666666666,,0.0,self_transition_down,297.8
93,hm_gpt4o,0.2,5.0,2025-02-05_14-26-38,63.0,166.0,0.21,71.0,0.5533333333333333,0.2366666666666666,,13.0971,opponent_transition_stay,85.7
94,hm_mod_memory_gpt4o,0.2,5.0,2025-02-05_14-27-14,62.0,159.0,0.2066666666666666,79.0,0.53,0.2633333333333333,,17.936,opponent_transition_stay,109.4
95,hm_gpt4o,0.2,5.0,2025-02-05_15-53-29,40.0,202.0,0.1333333333333333,58.0,0.6733333333333333,0.1933333333333333,,13.02,opponent_transition_stay,81.9
96,hm_mod_memory_gpt4o,0.2,5.0,2025-02-05_15-54-03,71.0,155.0,0.2366666666666666,74.0,0.5166666666666667,0.2466666666666666,,17.5655,opponent_transition_stay,103.9
97,hm_llama3,0.2,5.0,2025-02-05_14-26-24,137.0,90.0,0.4566666666666666,73.0,0.3,0.2433333333333333,,0.0,self_transition_up,255.7
98,hm_gpt4o,0.2,5.0,2025-02-05_22-07-21,68.0,156.0,0.2266666666666666,76.0,0.52,0.2533333333333333,,12.8178,opponent_transition_stay,78.6
99,hm_mod_memory_gpt4o,0.2,5.0,2025-02-05_22-07-10,54.0,163.0,0.18,83.0,0.5433333333333333,0.2766666666666666,,17.8257,opponent_transition_stay,97.4
100,hm_llama3,0.2,5.0,2025-02-05_22-08-46,137.0,84.0,0.4566666666666666,79.0,0.28,0.2633333333333333,,0.0,W_up_L_down_T_stay,269.4
101,hm_llama3,0.2,5.0,2025-02-06_02-38-18,129.0,90.0,0.43,81.0,0.3,0.27,,0.0,W_up_L_down_T_stay,277.7
102,base_llm_gpt4o,0.2,5.0,2025-02-06_12-39-35,25.0,10.0,0.0833333333333333,265.0,0.0333333333333333,0.8833333333333333,,1.1699,self_transition_up,4.9
103,react_gpt4o,0.2,5.0,2025-02-06_12-27-02,51.0,43.0,0.17,206.0,0.1433333333333333,0.6866666666666666,,1.7339,self_transition_up,18.0
104,base_llm_gpt4o,0.2,5.0,2025-02-06_12-52-30,71.0,164.0,0.2366666666666666,65.0,0.5466666666666666,0.2166666666666666,0.0,1.1683,prev_outcome_prev_transition,4.5
105,base_llm_gpt4o,0.2,5.0,2025-02-06_12-57-02,68.0,175.0,0.2266666666666666,57.0,0.5833333333333334,0.19,1.0,1.1688,prev_outcome_prev_transition,4.8
106,base_llm_gpt4o,0.2,5.0,2025-02-06_13-01-54,51.0,207.0,0.17,42.0,0.69,0.14,2.0,1.1702,prev_outcome_prev_transition,4.8
107,react_gpt4o,0.2,5.0,2025-02-06_12-52-57,41.0,216.0,0.1366666666666666,43.0,0.72,0.1433333333333333,0.0,1.7135,prev_outcome_prev_transition,18.1
108,react_gpt4o,0.2,5.0,2025-02-06_13-11-03,51.0,188.0,0.17,61.0,0.6266666666666667,0.2033333333333333,1.0,1.7177,prev_outcome_prev_transition,17.4
109,hm_gpt4o,0.2,5.0,2025-02-06_12-05-48,56.0,178.0,0.1866666666666666,66.0,0.5933333333333334,0.22,,12.9651,opponent_transition_stay,85.1
110,react_gpt4o,0.2,5.0,2025-02-06_13-28-27,41.0,211.0,0.1366666666666666,48.0,0.7033333333333334,0.16,2.0,1.708,prev_outcome_prev_transition,17.3
111,base_llm_gpt4o,0.2,5.0,2025-02-06_13-49-43,26.0,18.0,0.0866666666666666,256.0,0.06,0.8533333333333334,1.0,1.1703,self_transition_up,5.0
112,base_llm_gpt4o,0.2,5.0,2025-02-06_13-54-41,29.0,19.0,0.0966666666666666,252.0,0.0633333333333333,0.84,2.0,1.1698,self_transition_up,4.9
113,base_llm_gpt4o,0.2,5.0,2025-02-06_13-59-37,46.0,235.0,0.1533333333333333,19.0,0.7833333333333333,0.0633333333333333,0.0,1.1703,self_transition_down,5.4
114,react_gpt4o,0.2,5.0,2025-02-06_13-49-32,43.0,39.0,0.1433333333333333,218.0,0.13,0.7266666666666667,1.0,1.7333,self_transition_up,18.9
115,base_llm_gpt4o,0.2,5.0,2025-02-06_14-05-02,67.0,207.0,0.2233333333333333,26.0,0.69,0.0866666666666666,1.0,1.17,self_transition_down,4.9
116,base_llm_gpt4o,0.2,5.0,2025-02-06_14-09-55,66.0,211.0,0.22,23.0,0.7033333333333334,0.0766666666666666,2.0,1.1699,self_transition_down,5.0
117,base_llm_gpt4o,0.2,5.0,2025-02-06_14-14-57,30.0,28.0,0.1,242.0,0.0933333333333333,0.8066666666666666,0.0,1.1698,opponent_transition_up,5.3
118,base_llm_gpt4o,0.2,5.0,2025-02-06_14-20-18,40.0,36.0,0.1333333333333333,224.0,0.12,0.7466666666666667,1.0,1.17,opponent_transition_up,4.6
119,react_gpt4o,0.2,5.0,2025-02-06_14-08-26,40.0,39.0,0.1333333333333333,221.0,0.13,0.7366666666666667,2.0,1.7339,self_transition_up,19.0
120,base_llm_gpt4o,0.2,5.0,2025-02-06_14-24-53,31.0,25.0,0.1033333333333333,244.0,0.0833333333333333,0.8133333333333334,2.0,1.1696,opponent_transition_up,4.7
121,base_llm_gpt4o,0.2,5.0,2025-02-06_14-29-39,155.0,81.0,0.5166666666666667,64.0,0.27,0.2133333333333333,0.0,1.1667,opponent_transition_stay,4.8
122,base_llm_gpt4o,0.2,5.0,2025-02-06_14-34-25,159.0,79.0,0.53,62.0,0.2633333333333333,0.2066666666666666,1.0,1.1668,opponent_transition_stay,4.4
123,base_llm_gpt4o,0.2,5.0,2025-02-06_14-38-50,188.0,43.0,0.6266666666666667,69.0,0.1433333333333333,0.23,2.0,1.1656,opponent_transition_stay,4.3
124,react_gpt4o,0.2,5.0,2025-02-06_14-27-24,42.0,220.0,0.14,38.0,0.7333333333333333,0.1266666666666666,0.0,1.7182,self_transition_down,17.6
125,base_llm_gpt4o,0.2,5.0,2025-02-06_14-43-07,106.0,88.0,0.3533333333333333,106.0,0.2933333333333333,0.3533333333333333,0.0,1.1742,W_stay_L_up_T_down,5.2
126,base_llm_gpt4o,0.2,5.0,2025-02-06_14-48-21,111.0,78.0,0.37,111.0,0.26,0.37,1.0,1.1677,W_stay_L_up_T_down,4.2
127,base_llm_gpt4o,0.2,5.0,2025-02-06_14-52-35,111.0,83.0,0.37,106.0,0.2766666666666666,0.3533333333333333,2.0,1.1797,W_stay_L_up_T_down,4.2
128,react_gpt4o,0.2,5.0,2025-02-06_14-44-58,44.0,214.0,0.1466666666666666,42.0,0.7133333333333334,0.14,1.0,1.7129,self_transition_down,15.3
129,base_llm_gpt4o,0.2,5.0,2025-02-06_14-56-45,104.0,85.0,0.3466666666666667,111.0,0.2833333333333333,0.37,0.0,1.1795,W_up_L_down_T_stay,4.0
130,base_llm_gpt4o,0.2,5.0,2025-02-06_15-00-45,101.0,91.0,0.3366666666666666,108.0,0.3033333333333333,0.36,1.0,1.177,W_up_L_down_T_stay,4.6
131,base_llm_gpt4o,0.2,5.0,2025-02-06_15-05-20,103.0,90.0,0.3433333333333333,107.0,0.3,0.3566666666666667,2.0,1.1789,W_up_L_down_T_stay,4.4
132,react_gpt4o,0.2,5.0,2025-02-06_15-00-17,65.0,202.0,0.2166666666666666,33.0,0.6733333333333333,0.11,2.0,1.7171,self_transition_down,17.1
133,react_gpt4o,0.2,5.0,2025-02-06_15-17-23,146.0,65.0,0.4866666666666667,89.0,0.2166666666666666,0.2966666666666667,0.0,1.7416,opponent_transition_up,19.1
134,react_gpt4o,0.2,5.0,2025-02-06_15-36-28,153.0,76.0,0.51,71.0,0.2533333333333333,0.2366666666666666,1.0,1.7419,opponent_transition_up,18.3
135,react_gpt4o,0.2,5.0,2025-02-06_15-54-48,152.0,59.0,0.5066666666666667,89.0,0.1966666666666666,0.2966666666666667,2.0,1.7413,opponent_transition_up,19.4
136,react_gpt4o,0.2,5.0,2025-02-06_16-14-13,30.0,234.0,0.1,36.0,0.78,0.12,0.0,1.7056,opponent_transition_stay,18.6
137,react_gpt4o,0.2,5.0,2025-02-06_16-32-50,34.0,223.0,0.1133333333333333,43.0,0.7433333333333333,0.1433333333333333,1.0,1.7059,opponent_transition_stay,18.3
138,react_gpt4o,0.2,5.0,2025-02-06_16-51-08,31.0,234.0,0.1033333333333333,35.0,0.78,0.1166666666666666,2.0,1.7093,opponent_transition_stay,16.9
139,hm_llama3,0.2,5.0,2025-02-06_12-07-54,95.0,130.0,0.3166666666666666,75.0,0.4333333333333333,0.25,2.0,0.0,prev_outcome_prev_transition,309.5
140,react_gpt4o,0.2,5.0,2025-02-06_17-08-01,135.0,80.0,0.45,85.0,0.2666666666666666,0.2833333333333333,0.0,1.7191,W_stay_L_up_T_down,18.3
141,react_gpt4o,0.2,5.0,2025-02-06_17-26-19,130.0,74.0,0.4333333333333333,96.0,0.2466666666666666,0.32,1.0,1.7157,W_stay_L_up_T_down,18.4
142,react_gpt4o,0.2,5.0,2025-02-06_17-44-45,130.0,79.0,0.4333333333333333,91.0,0.2633333333333333,0.3033333333333333,2.0,1.7197,W_stay_L_up_T_down,19.4
143,react_gpt4o,0.2,5.0,2025-02-06_18-04-12,123.0,86.0,0.41,91.0,0.2866666666666667,0.3033333333333333,0.0,1.7228,W_up_L_down_T_stay,21.7
144,react_gpt4o,0.2,5.0,2025-02-06_18-25-57,122.0,77.0,0.4066666666666667,101.0,0.2566666666666666,0.3366666666666666,1.0,1.7216,W_up_L_down_T_stay,17.4
145,react_gpt4o,0.2,5.0,2025-02-06_18-43-22,123.0,80.0,0.41,97.0,0.2666666666666666,0.3233333333333333,2.0,1.7276,W_up_L_down_T_stay,16.8
146,hm_llama3,0.2,5.0,2025-02-06_17-17-22,82.0,154.0,0.2733333333333333,64.0,0.5133333333333333,0.2133333333333333,3.0,0.0,prev_outcome_prev_transition,299.3
147,hm_llama3,0.2,5.0,2025-02-06_22-16-38,79.0,147.0,0.2633333333333333,74.0,0.49,0.2466666666666666,4.0,0.0,prev_outcome_prev_transition,299.6
148,base_llm_gpt4o,0.2,5.0,2025-02-10_15-32-14,156.0,85.0,0.52,59.0,0.2833333333333333,0.1966666666666666,,1.1663,opponent_transition_stay,5.6
149,base_llm_gpt4o,0.2,5.0,2025-02-10_15-47-41,168.0,62.0,0.56,70.0,0.2066666666666666,0.2333333333333333,,1.1666,opponent_transition_stay,5.5
150,hm_llama3,0.2,5.0,2025-02-10_15-50-35,129.0,103.0,0.43,68.0,0.3433333333333333,0.2266666666666666,1.0,0.0,self_transition_up,290.8
151,hm_llama3,0.2,5.0,2025-02-10_20-41-22,91.0,77.0,0.3033333333333333,132.0,0.2566666666666666,0.44,2.0,0.0,self_transition_up,299.7
152,hm_llama3,0.2,5.0,2025-02-11_01-41-04,114.0,73.0,0.38,113.0,0.2433333333333333,0.3766666666666666,3.0,0.0,self_transition_up,301.1
153,hm_llama3,0.2,5.0,2025-02-11_06-42-10,116.0,74.0,0.3866666666666666,110.0,0.2466666666666666,0.3666666666666666,4.0,0.0,self_transition_up,308.5
154,hm_llama3,0.2,5.0,2025-02-11_15-29-26,38.0,159.0,0.1266666666666666,103.0,0.53,0.3433333333333333,1.0,0.0,self_transition_down,293.8
155,hm_gpt4o,0.2,7.0,2025-02-11_19-41-36,134.0,104.0,0.4466666666666666,62.0,0.3466666666666667,0.2066666666666666,,13.7159,self_transition_up,59.2
156,hm_gpt4o,0.2,7.0,2025-02-11_21-12-04,244.0,29.0,0.8133333333333334,27.0,0.0966666666666666,0.09,0.0,6.8399,self_transition_down,49.9
157,hm_gpt4o,0.2,7.0,2025-02-11_21-05-39,204.0,63.0,0.68,33.0,0.21,0.11,1.0,9.1964,self_transition_up,58.0
158,hm_gpt4o,0.2,9.0,2025-02-11_21-13-35,237.0,41.0,0.79,22.0,0.1366666666666666,0.0733333333333333,0.0,8.9984,self_transition_up,55.1
159,hm_gpt4o,0.2,1.0,2025-02-11_21-19-21,201.0,55.0,0.67,44.0,0.1833333333333333,0.1466666666666666,0.0,4.1916,self_transition_up,55.6
160,hm_gpt4o,0.2,3.0,2025-02-11_21-14-54,213.0,59.0,0.71,28.0,0.1966666666666666,0.0933333333333333,0.0,5.8967,self_transition_up,61.5
161,hm_gpt4o,0.2,7.0,2025-02-11_22-01-58,253.0,29.0,0.8433333333333334,18.0,0.0966666666666666,0.06,0.0,5.7329,opponent_transition_up,33.8
162,hm_gpt4o,0.2,0.0,2025-02-11_21-19-35,84.0,83.0,0.28,133.0,0.2766666666666666,0.4433333333333333,0.0,4.4392,self_transition_up,76.9
163,hm_gpt4o,0.2,9.0,2025-02-11_22-08-42,220.0,43.0,0.7333333333333333,37.0,0.1433333333333333,0.1233333333333333,1.0,9.9403,self_transition_up,45.2
164,hm_gpt4o,0.2,7.0,2025-02-11_22-03-40,202.0,44.0,0.6733333333333333,54.0,0.1466666666666666,0.18,0.0,9.2512,self_transition_down,55.6
165,hm_gpt4o,0.2,1.0,2025-02-11_22-15-00,210.0,51.0,0.7,39.0,0.17,0.13,1.0,4.5573,self_transition_up,64.9
166,hm_gpt4o,0.2,3.0,2025-02-11_22-16-27,183.0,78.0,0.61,39.0,0.26,0.13,1.0,7.7944,self_transition_up,72.2
167,hm_gpt4o,0.2,9.0,2025-02-11_22-53-52,233.0,41.0,0.7766666666666666,26.0,0.1366666666666666,0.0866666666666666,2.0,8.6249,self_transition_up,46.0
168,hm_gpt4o,0.2,0.0,2025-02-11_22-36-32,101.0,77.0,0.3366666666666666,122.0,0.2566666666666666,0.4066666666666667,1.0,4.4135,self_transition_up,72.6
169,hm_gpt4o,0.2,7.0,2025-02-11_22-35-45,44.0,175.0,0.1466666666666666,81.0,0.5833333333333334,0.27,0.0,16.1664,opponent_transition_stay,74.3
170,hm_gpt4o,0.2,7.0,2025-02-11_22-59-16,177.0,68.0,0.59,55.0,0.2266666666666666,0.1833333333333333,1.0,9.4096,self_transition_down,54.3
171,hm_gpt4o,0.2,1.0,2025-02-11_23-19-54,219.0,42.0,0.73,39.0,0.14,0.13,2.0,3.7801,self_transition_up,48.5
172,hm_gpt4o,0.2,3.0,2025-02-11_23-28-41,223.0,47.0,0.7433333333333333,30.0,0.1566666666666666,0.1,2.0,5.4249,self_transition_up,49.0
173,hm_gpt4o,0.2,7.0,2025-02-11_23-53-37,221.0,55.0,0.7366666666666667,24.0,0.1833333333333333,0.08,0.0,9.0871,opponent_transition_up,45.1
174,hm_gpt4o,0.2,1.0,2025-02-12_00-08-25,257.0,26.0,0.8566666666666667,17.0,0.0866666666666666,0.0566666666666666,0.0,3.2987,self_transition_down,37.4
175,hm_gpt4o,0.2,3.0,2025-02-12_00-17-39,258.0,22.0,0.86,20.0,0.0733333333333333,0.0666666666666666,0.0,3.7492,self_transition_down,29.7
176,hm_gpt4o,0.2,9.0,2025-02-11_23-39-53,134.0,65.0,0.4466666666666666,101.0,0.2166666666666666,0.3366666666666666,0.0,19.0891,self_transition_down,67.9
177,hm_gpt4o,0.2,0.0,2025-02-11_23-49-08,91.0,86.0,0.3033333333333333,123.0,0.2866666666666667,0.41,2.0,4.3702,self_transition_up,71.6
178,hm_gpt4o,0.2,7.0,2025-02-11_23-50-02,112.0,95.0,0.3733333333333333,93.0,0.3166666666666666,0.31,0.0,16.5221,W_stay_L_up_T_down,78.2
179,hm_llama3,,,2025-02-11_20-23-18,51.0,126.0,0.17,123.0,0.42,0.41,2.0,0.0,self_transition_down,298.1
180,hm_gpt4o,0.2,7.0,2025-02-12_00-38-46,222.0,52.0,0.74,26.0,0.1733333333333333,0.0866666666666666,1.0,9.3836,opponent_transition_up,46.5
181,hm_gpt4o,0.2,9.0,2025-02-12_00-47-50,213.0,44.0,0.71,43.0,0.1466666666666666,0.1433333333333333,1.0,8.618,self_transition_down,41.4
182,hm_gpt4o,0.2,3.0,2025-02-12_00-47-24,204.0,49.0,0.68,47.0,0.1633333333333333,0.1566666666666666,1.0,6.1077,self_transition_down,48.8
183,hm_gpt4o,0.2,1.0,2025-02-12_00-45-50,194.0,55.0,0.6466666666666666,51.0,0.1833333333333333,0.17,1.0,4.3905,self_transition_down,57.0
184,hm_gpt4o,0.2,0.0,2025-02-12_01-00-42,94.0,134.0,0.3133333333333333,72.0,0.4466666666666666,0.24,0.0,4.3054,self_transition_down,68.8
185,hm_gpt4o,0.2,9.0,2025-02-12_01-29-15,237.0,35.0,0.79,28.0,0.1166666666666666,0.0933333333333333,2.0,8.8901,self_transition_down,42.3
186,hm_gpt4o,0.2,7.0,2025-02-12_01-08-17,103.0,88.0,0.3433333333333333,109.0,0.2933333333333333,0.3633333333333333,0.0,15.2454,W_up_L_down_T_stay,79.9
187,hm_gpt4o,0.2,1.0,2025-02-12_01-42-49,211.0,55.0,0.7033333333333334,34.0,0.1833333333333333,0.1133333333333333,2.0,3.9257,self_transition_down,49.7
188,hm_gpt4o,0.2,3.0,2025-02-12_01-36-10,178.0,70.0,0.5933333333333334,52.0,0.2333333333333333,0.1733333333333333,2.0,6.5647,self_transition_down,60.9
189,hm_gpt4o,0.2,7.0,2025-02-12_01-25-16,63.0,163.0,0.21,74.0,0.5433333333333333,0.2466666666666666,0.0,16.3275,opponent_transition_stay,83.6
190,hm_gpt4o,0.2,9.0,2025-02-12_02-11-34,245.0,42.0,0.8166666666666667,13.0,0.14,0.0433333333333333,0.0,6.6412,opponent_transition_up,48.6
191,hm_gpt4o,0.2,1.0,2025-02-12_02-32-33,254.0,31.0,0.8466666666666667,15.0,0.1033333333333333,0.05,0.0,2.8526,opponent_transition_up,34.9
192,hm_gpt4o,0.2,3.0,2025-02-12_02-37-07,233.0,48.0,0.7766666666666666,19.0,0.16,0.0633333333333333,0.0,4.921,opponent_transition_up,45.4
193,hm_gpt4o,0.2,0.0,2025-02-12_02-09-32,71.0,144.0,0.2366666666666666,85.0,0.48,0.2833333333333333,1.0,4.3295,self_transition_down,79.0
194,hm_gpt4o,0.2,9.0,2025-02-12_03-00-09,241.0,40.0,0.8033333333333333,19.0,0.1333333333333333,0.0633333333333333,1.0,8.6988,opponent_transition_up,46.2
195,hm_gpt4o,0.2,1.0,2025-02-12_03-07-28,224.0,55.0,0.7466666666666667,21.0,0.1833333333333333,0.07,1.0,3.5717,opponent_transition_up,42.0
196,hm_gpt4o,0.2,7.0,2025-02-12_02-28-12,87.0,135.0,0.29,78.0,0.45,0.26,0.0,16.1026,prev_outcome_prev_transition,89.6
197,hm_gpt4o,0.2,7.0,2025-02-12_02-48-53,67.0,152.0,0.2233333333333333,81.0,0.5066666666666667,0.27,1.0,16.1904,opponent_transition_stay,80.9
198,hm_gpt4o,0.2,3.0,2025-02-12_03-22-30,204.0,65.0,0.68,31.0,0.2166666666666666,0.1033333333333333,1.0,7.2598,opponent_transition_up,53.9
199,hm_gpt4o,0.2,1.0,2025-02-12_03-49-29,243.0,40.0,0.81,17.0,0.1333333333333333,0.0566666666666666,2.0,3.0861,opponent_transition_up,39.0
200,hm_gpt4o,0.2,0.0,2025-02-12_03-28-35,75.0,138.0,0.25,87.0,0.46,0.29,2.0,4.3542,self_transition_down,70.8
201,hm_gpt4o,0.2,9.0,2025-02-12_03-46-19,222.0,50.0,0.74,28.0,0.1666666666666666,0.0933333333333333,2.0,14.1365,opponent_transition_up,66.5
202,hm_gpt4o,0.2,3.0,2025-02-12_04-16-25,198.0,73.0,0.66,29.0,0.2433333333333333,0.0966666666666666,2.0,7.1297,opponent_transition_up,62.3
203,hm_gpt4o,0.2,7.0,2025-02-12_04-09-50,122.0,75.0,0.4066666666666667,103.0,0.25,0.3433333333333333,0.0,15.8367,W_stay_L_up_T_down,92.7
204,hm_gpt4o,0.2,1.0,2025-02-12_04-28-29,58.0,154.0,0.1933333333333333,88.0,0.5133333333333333,0.2933333333333333,0.0,6.0822,opponent_transition_stay,81.7
205,hm_gpt4o,0.2,0.0,2025-02-12_04-39-24,169.0,90.0,0.5633333333333334,41.0,0.3,0.1366666666666666,0.0,4.602,opponent_transition_up,81.6
206,hm_llama3,,,2025-02-12_01-21-25,46.0,142.0,0.1533333333333333,112.0,0.4733333333333333,0.3733333333333333,3.0,0.0,self_transition_down,294.8
207,hm_gpt4o,0.2,9.0,2025-02-12_04-52-48,75.0,147.0,0.25,78.0,0.49,0.26,0.0,19.5744,opponent_transition_stay,109.6
208,hm_gpt4o,0.2,3.0,2025-02-12_05-18-42,42.0,194.0,0.14,64.0,0.6466666666666666,0.2133333333333333,0.0,9.3249,opponent_transition_stay,91.7
209,hm_gpt4o,0.2,1.0,2025-02-12_05-50-12,47.0,167.0,0.1566666666666666,86.0,0.5566666666666666,0.2866666666666667,1.0,5.9759,opponent_transition_stay,74.0
210,hm_gpt4o,0.2,7.0,2025-02-12_05-42-32,111.0,85.0,0.37,104.0,0.2833333333333333,0.3466666666666667,1.0,16.2194,W_stay_L_up_T_down,90.1
211,hm_gpt4o,0.2,0.0,2025-02-12_06-00-59,169.0,72.0,0.5633333333333334,59.0,0.24,0.1966666666666666,1.0,4.4559,opponent_transition_up,77.4
212,hm_gpt4o,0.2,9.0,2025-02-12_06-42-25,74.0,143.0,0.2466666666666666,83.0,0.4766666666666667,0.2766666666666666,1.0,18.8945,opponent_transition_stay,89.3
213,hm_gpt4o,0.2,3.0,2025-02-12_06-50-22,90.0,105.0,0.3,105.0,0.35,0.35,1.0,9.4027,opponent_transition_stay,82.8
214,hm_gpt4o,0.2,1.0,2025-02-12_07-04-11,67.0,154.0,0.2233333333333333,79.0,0.5133333333333333,0.2633333333333333,2.0,6.1457,opponent_transition_stay,79.4
215,hm_gpt4o,0.2,0.0,2025-02-12_07-18-24,149.0,86.0,0.4966666666666666,65.0,0.2866666666666667,0.2166666666666666,2.0,4.4254,opponent_transition_up,76.9
216,hm_gpt4o,0.2,7.0,2025-02-12_07-12-37,105.0,94.0,0.35,101.0,0.3133333333333333,0.3366666666666666,0.0,16.0472,W_up_L_down_T_stay,86.1
217,hm_gpt4o,0.2,3.0,2025-02-12_08-13-11,177.0,60.0,0.59,63.0,0.2,0.21,2.0,6.2107,opponent_transition_stay,61.1
218,hm_gpt4o,0.2,0.0,2025-02-12_08-35-18,49.0,179.0,0.1633333333333333,72.0,0.5966666666666667,0.24,0.0,4.2359,opponent_transition_stay,87.6
219,hm_gpt4o,0.2,1.0,2025-02-12_08-23-35,131.0,51.0,0.4366666666666666,118.0,0.17,0.3933333333333333,0.0,6.1412,W_stay_L_up_T_down,102.2
220,hm_gpt4o,0.2,9.0,2025-02-12_08-11-44,51.0,180.0,0.17,69.0,0.6,0.23,2.0,19.7752,opponent_transition_stay,121.6
221,hm_gpt4o,0.2,7.0,2025-02-12_08-38-43,101.0,88.0,0.3366666666666666,111.0,0.2933333333333333,0.37,1.0,16.0507,W_up_L_down_T_stay,108.2
222,hm_gpt4o,0.2,3.0,2025-02-12_09-14-16,113.0,93.0,0.3766666666666666,94.0,0.31,0.3133333333333333,0.0,9.4545,W_stay_L_up_T_down,85.8
223,hm_gpt4o,0.2,0.0,2025-02-12_10-02-52,58.0,195.0,0.1933333333333333,47.0,0.65,0.1566666666666666,1.0,4.1312,opponent_transition_stay,61.5
224,hm_llama3,,,2025-02-12_06-16-14,44.0,143.0,0.1466666666666666,113.0,0.4766666666666667,0.3766666666666666,4.0,0.0,self_transition_down,296.4
225,hm_gpt4o,0.2,0.0,2025-02-12_11-40-19,133.0,75.0,0.4433333333333333,92.0,0.25,0.3066666666666666,0.0,4.3539,W_stay_L_up_T_down,75.8
226,hm_gpt4o,0.2,1.0,2025-02-12_11-40-37,122.0,81.0,0.4066666666666667,97.0,0.27,0.3233333333333333,1.0,6.0465,W_stay_L_up_T_down,77.8
227,hm_gpt4o,0.2,3.0,2025-02-12_11-40-48,130.0,65.0,0.4333333333333333,105.0,0.2166666666666666,0.35,1.0,9.1663,W_stay_L_up_T_down,79.2
228,hm_gpt4o,0.2,9.0,2025-02-12_11-41-23,124.0,76.0,0.4133333333333333,100.0,0.2533333333333333,0.3333333333333333,0.0,18.8772,W_stay_L_up_T_down,82.1
229,hm_llama3,,,2025-02-12_11-12-40,225.0,41.0,0.75,34.0,0.1366666666666666,0.1133333333333333,0.0,0.0,opponent_transition_up,157.1
230,hm_gpt4o,0.2,0.0,2025-02-12_12-56-08,142.0,66.0,0.4733333333333333,92.0,0.22,0.3066666666666666,1.0,4.1952,W_stay_L_up_T_down,64.2
231,hm_gpt4o,0.2,1.0,2025-02-12_12-58-28,127.0,67.0,0.4233333333333333,106.0,0.2233333333333333,0.3533333333333333,2.0,6.0792,W_stay_L_up_T_down,70.3
232,hm_gpt4o,0.2,3.0,2025-02-12_13-00-02,125.0,67.0,0.4166666666666667,108.0,0.2233333333333333,0.36,2.0,9.125,W_stay_L_up_T_down,71.3
233,hm_gpt4o,0.2,9.0,2025-02-12_13-03-29,114.0,100.0,0.38,86.0,0.3333333333333333,0.2866666666666667,1.0,19.5037,W_stay_L_up_T_down,79.0
234,hm_gpt4o,0.2,0.0,2025-02-12_14-00-22,128.0,75.0,0.4266666666666667,97.0,0.25,0.3233333333333333,2.0,4.3053,W_stay_L_up_T_down,66.1
235,hm_gpt4o,0.2,1.0,2025-02-12_14-08-47,101.0,97.0,0.3366666666666666,102.0,0.3233333333333333,0.34,0.0,6.0028,W_up_L_down_T_stay,64.0
236,hm_gpt4o,0.2,3.0,2025-02-12_14-11-22,124.0,83.0,0.4133333333333333,93.0,0.2766666666666666,0.31,0.0,8.788,W_up_L_down_T_stay,63.7
237,hm_gpt4o,0.2,9.0,2025-02-12_14-22-29,119.0,85.0,0.3966666666666666,96.0,0.2833333333333333,0.32,2.0,18.8998,W_stay_L_up_T_down,71.4
238,hm_gpt4o,0.2,0.0,2025-02-12_15-06-29,104.0,81.0,0.3466666666666667,115.0,0.27,0.3833333333333333,0.0,4.397,W_up_L_down_T_stay,62.1
239,hm_gpt4o,0.2,1.0,2025-02-12_15-12-49,102.0,97.0,0.34,101.0,0.3233333333333333,0.3366666666666666,1.0,6.0354,W_up_L_down_T_stay,62.1
240,hm_gpt4o,0.2,3.0,2025-02-12_15-15-06,109.0,97.0,0.3633333333333333,94.0,0.3233333333333333,0.3133333333333333,1.0,9.258,W_up_L_down_T_stay,59.9
241,hm_gpt4o,0.2,9.0,2025-02-12_15-33-57,139.0,71.0,0.4633333333333333,90.0,0.2366666666666666,0.3,0.0,19.0336,W_up_L_down_T_stay,62.7
242,hm_llama3,,,2025-02-12_13-49-48,229.0,50.0,0.7633333333333333,21.0,0.1666666666666666,0.07,1.0,0.0,opponent_transition_up,192.6
243,hm_gpt4o,0.2,0.0,2025-02-12_16-08-34,118.0,79.0,0.3933333333333333,103.0,0.2633333333333333,0.3433333333333333,1.0,4.421,W_up_L_down_T_stay,63.4
244,hm_gpt4o,0.2,3.0,2025-02-12_16-15-00,114.0,95.0,0.38,91.0,0.3166666666666666,0.3033333333333333,2.0,8.7755,W_up_L_down_T_stay,57.3
245,hm_gpt4o,0.2,1.0,2025-02-12_16-14-58,104.0,101.0,0.3466666666666667,95.0,0.3366666666666666,0.3166666666666666,2.0,6.0362,W_up_L_down_T_stay,59.5
246,hm_gpt4o,0.2,9.0,2025-02-12_16-36-38,104.0,89.0,0.3466666666666667,107.0,0.2966666666666667,0.3566666666666667,1.0,19.1272,W_up_L_down_T_stay,63.7
247,hm_gpt4o,0.2,5.0,2025-02-12_16-48-29,84.0,87.0,0.28,129.0,0.29,0.43,,7.0271,opponent_transition_stay_deterministic,56.4
248,hm_gpt4o,0.2,5.0,2025-02-12_16-51-14,44.0,185.0,0.1466666666666666,71.0,0.6166666666666667,0.2366666666666666,,12.1874,opponent_transition_stay_deterministic,60.1
249,hm_gpt4o,0.2,5.0,2025-02-12_16-53-20,135.0,62.0,0.45,103.0,0.2066666666666666,0.3433333333333333,,12.9213,W_stay_L_up_T_down_deterministic,68.1
250,hm_gpt4o,0.2,0.0,2025-02-12_17-12-01,111.0,80.0,0.37,109.0,0.2666666666666666,0.3633333333333333,2.0,4.353,W_up_L_down_T_stay,54.5
251,hm_gpt4o,0.2,1.0,2025-02-12_17-14-29,74.0,152.0,0.2466666666666666,74.0,0.5066666666666667,0.2466666666666666,0.0,6.0269,prev_outcome_prev_transition,56.1
252,hm_gpt4o,0.2,3.0,2025-02-12_17-12-21,69.0,161.0,0.23,70.0,0.5366666666666666,0.2333333333333333,0.0,9.5068,prev_outcome_prev_transition,60.2
253,hm_gpt4o,0.2,9.0,2025-02-12_17-40-21,110.0,89.0,0.3666666666666666,101.0,0.2966666666666667,0.3366666666666666,2.0,18.2287,W_up_L_down_T_stay,59.3
254,hm_gpt4o,0.2,0.0,2025-02-12_18-06-33,79.0,129.0,0.2633333333333333,92.0,0.43,0.3066666666666666,0.0,4.2495,prev_outcome_prev_transition,54.9
255,hm_gpt4o,0.2,1.0,2025-02-12_18-10-36,80.0,131.0,0.2666666666666666,89.0,0.4366666666666666,0.2966666666666667,1.0,6.1978,prev_outcome_prev_transition,65.5
256,hm_gpt4o,0.2,3.0,2025-02-12_18-12-35,86.0,120.0,0.2866666666666667,94.0,0.4,0.3133333333333333,1.0,9.5141,prev_outcome_prev_transition,65.1
257,hm_gpt4o,0.2,0.0,2025-02-12_19-01-30,83.0,128.0,0.2766666666666666,89.0,0.4266666666666667,0.2966666666666667,1.0,4.2759,prev_outcome_prev_transition,57.7
258,hm_gpt4o,0.2,9.0,2025-02-12_18-39-43,90.0,119.0,0.3,91.0,0.3966666666666666,0.3033333333333333,0.0,19.1706,prev_outcome_prev_transition,82.2
259,hm_llama3,,,2025-02-12_17-02-25,212.0,74.0,0.7066666666666667,14.0,0.2466666666666666,0.0466666666666666,2.0,0.0,opponent_transition_up,245.1
260,hm_gpt4o,0.2,5.0,2025-02-12_21-30-10,286.0,12.0,0.9533333333333334,2.0,0.04,0.0066666666666666,0.0,2.3556,opponent_transition_up_deterministic,23.4
261,hm_llama3,0.2,5.0,2025-02-12_16-32-41,126.0,115.0,0.42,59.0,0.3833333333333333,0.1966666666666666,0.0,0.0,opponent_transition_up,331.5
262,hm_gpt4o,0.2,5.0,2025-02-12_21-53-37,294.0,6.0,0.98,0.0,0.02,0.0,1.0,1.8962,opponent_transition_up_deterministic,19.7
263,hm_gpt4o,0.2,5.0,2025-02-12_22-13-18,242.0,57.0,0.8066666666666666,1.0,0.19,0.0033333333333333,2.0,7.2275,opponent_transition_up_deterministic,53.1
264,hm_gpt4o,0.2,0.0,2025-02-12_21-54-10,85.0,115.0,0.2833333333333333,100.0,0.3833333333333333,0.3333333333333333,2.0,4.2825,prev_outcome_prev_transition,76.5
265,hm_gpt4o,0.2,3.0,2025-02-12_21-54-26,92.0,106.0,0.3066666666666666,102.0,0.3533333333333333,0.34,2.0,9.4718,prev_outcome_prev_transition,83.5
266,hm_gpt4o,0.2,1.0,2025-02-12_21-54-17,67.0,152.0,0.2233333333333333,81.0,0.5066666666666667,0.27,2.0,6.0367,prev_outcome_prev_transition,84.0
267,hm_gpt4o,0.2,9.0,2025-02-12_21-54-49,84.0,132.0,0.28,84.0,0.44,0.28,1.0,19.5005,prev_outcome_prev_transition,96.8
268,hm_gpt4o,0.2,5.0,2025-02-12_23-06-24,83.0,134.0,0.2766666666666666,83.0,0.4466666666666666,0.2766666666666666,2.0,13.1677,opponent_transition_stay_deterministic,85.0
269,hm_llama3,,,2025-02-12_21-07-35,197.0,76.0,0.6566666666666666,27.0,0.2533333333333333,0.09,3.0,0.0,opponent_transition_up,213.6
270,hm_gpt4o,0.2,9.0,2025-02-12_23-31-36,100.0,114.0,0.3333333333333333,86.0,0.38,0.2866666666666667,2.0,19.2813,prev_outcome_prev_transition,73.5
271,hm_gpt4o,0.2,5.0,2025-02-13_00-31-24,279.0,17.0,0.93,4.0,0.0566666666666666,0.0133333333333333,0.0,3.1083,self_transition_up_deterministic,21.6
272,hm_llama3,0.2,5.0,2025-02-12_22-04-14,232.0,48.0,0.7733333333333333,20.0,0.16,0.0666666666666666,1.0,0.0,opponent_transition_up,187.2
273,hm_gpt4o,0.2,5.0,2025-02-13_00-52-59,215.0,69.0,0.7166666666666667,16.0,0.23,0.0533333333333333,1.0,8.2783,self_transition_up_deterministic,45.9
274,hm_gpt4o,0.2,5.0,2025-02-13_01-38-54,290.0,6.0,0.9666666666666668,4.0,0.02,0.0133333333333333,2.0,2.3669,self_transition_up_deterministic,15.0
275,hm_gpt4o,0.2,5.0,2025-02-13_01-53-52,287.0,9.0,0.9566666666666668,4.0,0.03,0.0133333333333333,0.0,2.5115,self_transition_down_deterministic,15.0
276,hm_gpt4o,0.2,5.0,2025-02-13_02-08-50,257.0,26.0,0.8566666666666667,17.0,0.0866666666666666,0.0566666666666666,1.0,4.4662,self_transition_down_deterministic,30.2
277,hm_gpt4o,0.2,5.0,2025-02-13_02-39-03,281.0,14.0,0.9366666666666666,5.0,0.0466666666666666,0.0166666666666666,2.0,2.8957,self_transition_down_deterministic,17.3
278,hm_gpt4o,0.2,7.0,2025-02-13_02-21-45,181.0,66.0,0.6033333333333334,53.0,0.22,0.1766666666666666,2.0,13.2039,self_transition_up,52.0
279,hm_gpt4o,0.2,5.0,2025-02-13_02-56-22,127.0,65.0,0.4233333333333333,108.0,0.2166666666666666,0.36,1.0,12.4218,W_stay_L_up_T_down_deterministic,61.2
280,hm_gpt4o,0.2,7.0,2025-02-13_03-13-46,75.0,149.0,0.25,76.0,0.4966666666666666,0.2533333333333333,1.0,16.1917,prev_outcome_prev_transition,70.8
281,hm_llama3,0.2,5.0,2025-02-13_01-11-28,184.0,91.0,0.6133333333333333,25.0,0.3033333333333333,0.0833333333333333,2.0,0.0,opponent_transition_up,227.6
282,hm_gpt4o,0.2,5.0,2025-02-13_03-57-37,131.0,61.0,0.4366666666666666,108.0,0.2033333333333333,0.36,2.0,12.5801,W_stay_L_up_T_down_deterministic,76.1
283,hm_llama3,0.2,5.0,2025-02-12_23-10-41,118.0,80.0,0.3933333333333333,102.0,0.2666666666666666,0.34,0.0,0.0,W_stay_L_up_T_down,370.5
284,hm_llama3,0.2,5.0,2025-02-12_23-10-25,114.0,75.0,0.38,111.0,0.25,0.37,0.0,0.0,W_stay_L_up_T_down,373.2
285,hm_gpt4o,0.2,7.0,2025-02-13_04-24-33,66.0,161.0,0.22,73.0,0.5366666666666666,0.2433333333333333,2.0,16.0044,prev_outcome_prev_transition,87.2
286,hm_gpt4o,0.2,5.0,2025-02-13_05-13-46,123.0,83.0,0.41,94.0,0.2766666666666666,0.3133333333333333,0.0,12.1893,W_up_L_down_T_stay_deterministic,95.9
287,hm_llama3,0.2,5.0,2025-02-13_04-59-03,239.0,30.0,0.7966666666666666,31.0,0.1,0.1033333333333333,0.0,0.0,opponent_transition_stay,122.3
288,hm_gpt4o,0.2,5.0,2025-02-13_06-49-43,127.0,114.0,0.4233333333333333,59.0,0.38,0.1966666666666666,1.0,12.6564,W_up_L_down_T_stay_deterministic,100.2
289,hm_llama3,0.2,5.0,2025-02-13_07-01-25,211.0,43.0,0.7033333333333334,46.0,0.1433333333333333,0.1533333333333333,1.0,0.0,opponent_transition_stay,142.9
290,hm_gpt4o,0.2,5.0,2025-02-13_08-29-57,164.0,71.0,0.5466666666666666,65.0,0.2366666666666666,0.2166666666666666,2.0,10.2181,W_up_L_down_T_stay_deterministic,69.7
291,hm_gpt4o,0.2,5.0,2025-02-13_09-39-40,89.0,109.0,0.2966666666666667,102.0,0.3633333333333333,0.34,0.0,12.6435,prev_outcome_prev_transition_deterministic,76.8
292,hm_llama3,0.2,5.0,2025-02-13_05-21-13,97.0,101.0,0.3233333333333333,102.0,0.3366666666666666,0.34,1.0,0.0,W_stay_L_up_T_down,372.2
293,hm_llama3,0.2,5.0,2025-02-13_05-23-38,107.0,86.0,0.3566666666666667,107.0,0.2866666666666667,0.3566666666666667,1.0,0.0,W_stay_L_up_T_down,384.0
294,hm_llama3,0.2,5.0,2025-02-13_09-24-17,201.0,59.0,0.67,40.0,0.1966666666666666,0.1333333333333333,2.0,0.0,opponent_transition_stay,165.7
295,hm_gpt4o,0.2,5.0,2025-02-13_10-56-31,80.0,127.0,0.2666666666666666,93.0,0.4233333333333333,0.31,1.0,12.8702,prev_outcome_prev_transition_deterministic,76.1
296,hm_gpt4o,0.2,5.0,2025-02-13_12-12-40,79.0,135.0,0.2633333333333333,86.0,0.45,0.2866666666666667,2.0,12.7556,prev_outcome_prev_transition_deterministic,73.3
297,hm_llama3,0.2,5.0,2025-02-13_12-10-02,153.0,72.0,0.51,75.0,0.24,0.25,2.0,0.0,self_transition_down,235.1
298,hm_llama3,0.2,5.0,2025-02-13_11-33-27,110.0,86.0,0.3666666666666666,104.0,0.2866666666666667,0.3466666666666667,2.0,0.0,W_stay_L_up_T_down,365.1
299,hm_llama3,0.2,5.0,2025-02-13_11-47-36,116.0,83.0,0.3866666666666666,101.0,0.2766666666666666,0.3366666666666666,2.0,0.0,W_stay_L_up_T_down,370.4
300,hm_llama3,0.2,5.0,2025-02-13_17-38-32,231.0,37.0,0.77,32.0,0.1233333333333333,0.1066666666666666,0.0,0.0,opponent_transition_stay,167.2
301,hm_llama3,0.2,5.0,2025-02-13_17-58-01,150.0,88.0,0.5,62.0,0.2933333333333333,0.2066666666666666,0.0,0.0,opponent_transition_stay,275.3
302,hm_llama3,0.2,5.0,2025-02-13_20-25-42,214.0,45.0,0.7133333333333334,41.0,0.15,0.1366666666666666,1.0,0.0,opponent_transition_stay,170.7
303,hm_llama3,0.2,5.0,2025-02-13_22-33-23,213.0,34.0,0.71,53.0,0.1133333333333333,0.1766666666666666,1.0,0.0,opponent_transition_stay,203.9
304,hm_llama3,0.2,5.0,2025-02-13_23-16-26,220.0,45.0,0.7333333333333333,35.0,0.15,0.1166666666666666,2.0,0.0,opponent_transition_stay,195.3
305,hm_llama3,0.2,5.0,2025-02-14_01-57-20,234.0,35.0,0.78,31.0,0.1166666666666666,0.1033333333333333,2.0,0.0,opponent_transition_stay,161.4
306,hm_llama3,0.2,5.0,2025-02-14_02-31-48,182.0,67.0,0.6066666666666667,51.0,0.2233333333333333,0.17,2.0,0.0,W_up_L_down_T_stay,304.4
307,hm_llama3,0.2,5.0,2025-02-14_04-38-47,148.0,84.0,0.4933333333333333,68.0,0.28,0.2266666666666666,2.0,0.0,W_up_L_down_T_stay,322.0
308,hm_llama3,0.2,5.0,2025-02-14_07-36-11,236.0,47.0,0.7866666666666666,17.0,0.1566666666666666,0.0566666666666666,1.0,0.0,opponent_transition_up,200.0
309,hm_llama3,0.2,5.0,2025-02-14_10-00-50,213.0,59.0,0.71,28.0,0.1966666666666666,0.0933333333333333,1.0,0.0,opponent_transition_up,232.9
310,hm_llama3,0.2,5.0,2025-02-14_10-56-11,177.0,82.0,0.59,41.0,0.2733333333333333,0.1366666666666666,2.0,0.0,opponent_transition_up,284.8
311,hm_llama3,0.2,5.0,2025-02-14_13-53-44,201.0,61.0,0.67,38.0,0.2033333333333333,0.1266666666666666,2.0,0.0,opponent_transition_up,268.6
312,hm_llama3,0.2,5.0,2025-02-14_15-40-59,92.0,103.0,0.3066666666666666,105.0,0.3433333333333333,0.35,2.0,0.0,self_transition_down,362.1
313,hm_llama3,0.2,5.0,2025-02-14_18-22-20,76.0,121.0,0.2533333333333333,103.0,0.4033333333333333,0.3433333333333333,2.0,0.0,self_transition_down,344.2
314,hm_gpt35,0.2,5.0,2025-02-15_14-02-46,95.0,121.0,0.3166666666666666,84.0,0.4033333333333333,0.28,0.0,11.7367,W_stay_L_up_T_down,36.8
315,hm_gpt35,0.2,5.0,2025-02-15_14-39-35,109.0,95.0,0.3633333333333333,96.0,0.3166666666666666,0.32,1.0,13.5201,W_stay_L_up_T_down,44.3
316,hm_gpt35,0.2,5.0,2025-02-15_15-23-55,113.0,88.0,0.3766666666666666,99.0,0.2933333333333333,0.33,2.0,19.9997,W_stay_L_up_T_down,56.8
317,choose_hypothesis_gpt4o,0.2,5.0,2025-02-15_16-04-17,185.0,69.0,0.6166666666666667,46.0,0.23,0.1533333333333333,,6.8561,opponent_transition_stay,32.4
318,choose_hypothesis_gpt4o,0.2,5.0,2025-02-15_16-38-35,238.0,45.0,0.7933333333333333,17.0,0.15,0.0566666666666666,3.0,5.4163,W_stay_L_up_T_down,25.1
319,hm_llama3,0.2,5.0,2025-02-15_14-00-25,235.0,38.0,0.7833333333333333,27.0,0.1266666666666666,0.09,4.0,0.0,W_up_L_down_T_stay,207.2
320,choose_hypothesis_gpt4o,0.2,5.0,2025-02-15_17-03-45,233.0,39.0,0.7766666666666666,28.0,0.13,0.0933333333333333,4.0,5.6781,W_stay_L_up_T_down,28.0
321,hm_gpt35,0.2,5.0,2025-02-15_16-20-42,112.0,72.0,0.3733333333333333,116.0,0.24,0.3866666666666666,0.0,25.167,opponent_transition_stay,71.3
322,choose_hypothesis_gpt4o,0.2,5.0,2025-02-15_17-31-44,218.0,50.0,0.7266666666666667,32.0,0.1666666666666666,0.1066666666666666,5.0,6.2785,W_stay_L_up_T_down,27.8
323,choose_hypothesis_gpt4o,0.2,5.0,2025-02-15_17-59-31,196.0,54.0,0.6533333333333333,50.0,0.18,0.1666666666666666,5.0,6.0425,opponent_transition_stay,27.8
324,hm_gpt35,0.2,5.0,2025-02-15_17-32-04,102.0,80.0,0.34,118.0,0.2666666666666666,0.3933333333333333,1.0,24.37,opponent_transition_stay,72.1
325,hm_llama3,0.2,5.0,2025-02-15_13-59-15,158.0,82.0,0.5266666666666666,60.0,0.2733333333333333,0.2,4.0,0.0,W_up_L_down_T_stay,290.1
326,choose_hypothesis_gpt4o,0.2,5.0,2025-02-15_18-27-19,206.0,30.0,0.6866666666666666,64.0,0.1,0.2133333333333333,3.0,6.5596,W_up_L_down_T_stay,28.5
327,choose_hypothesis_gpt4o,0.2,5.0,2025-02-15_18-55-48,178.0,36.0,0.5933333333333334,86.0,0.12,0.2866666666666667,4.0,7.695,W_up_L_down_T_stay,32.6
328,hm_gpt35,0.2,5.0,2025-02-15_18-44-10,99.0,83.0,0.33,118.0,0.2766666666666666,0.3933333333333333,2.0,19.4688,opponent_transition_stay,55.6
329,choose_hypothesis_gpt4o,0.2,5.0,2025-02-15_19-28-27,214.0,32.0,0.7133333333333334,54.0,0.1066666666666666,0.18,5.0,5.9562,W_up_L_down_T_stay,27.1
330,choose_hypothesis_gpt4o,0.2,5.0,2025-02-15_19-55-36,214.0,38.0,0.7133333333333334,48.0,0.1266666666666666,0.16,4.0,5.9681,opponent_transition_up,28.4
331,hm_gpt35,0.2,5.0,2025-02-15_19-39-47,121.0,101.0,0.4033333333333333,78.0,0.3366666666666666,0.26,2.0,17.0405,W_up_L_down_T_stay,49.8
332,choose_hypothesis_gpt4o,0.2,5.0,2025-02-15_20-24-00,215.0,34.0,0.7166666666666667,51.0,0.1133333333333333,0.17,5.0,5.7716,opponent_transition_up,25.7
333,choose_hypothesis_gpt4o,0.2,5.0,2025-02-15_20-49-42,112.0,92.0,0.3733333333333333,96.0,0.3066666666666666,0.32,5.0,10.3102,self_transition_down,43.5
334,hm_gpt35,0.2,5.0,2025-02-15_20-29-38,79.0,117.0,0.2633333333333333,104.0,0.39,0.3466666666666667,1.0,29.4803,prev_outcome_prev_transition,85.0
335,choose_hypothesis_gpt4o,0.2,5.0,2025-02-15_21-33-13,112.0,86.0,0.3733333333333333,102.0,0.2866666666666667,0.34,4.0,13.5709,prev_outcome_prev_transition,57.7
336,hm_gpt35,0.2,5.0,2025-02-15_21-54-40,92.0,122.0,0.3066666666666666,86.0,0.4066666666666667,0.2866666666666667,2.0,15.9739,prev_outcome_prev_transition,50.0
337,,,,,,,,,,,,,,
338,choose_hypothesis_gpt4o,0.2,5.0,2025-02-15_22-30-55,105.0,95.0,0.35,100.0,0.3166666666666666,0.3333333333333333,5.0,13.5306,prev_outcome_prev_transition,55.1
339,base_llm_gpt35,0.2,5.0,2025-02-16_16-52-18,109.0,91.0,0.3633333333333333,100.0,0.3033333333333333,0.3333333333333333,0.0,0.4603,W_stay_L_up_T_down,2.8
340,base_llm_gpt35,0.2,5.0,2025-02-16_16-55-08,112.0,90.0,0.3733333333333333,98.0,0.3,0.3266666666666666,1.0,0.4601,W_stay_L_up_T_down,2.8
341,base_llm_gpt35,0.2,5.0,2025-02-16_16-57-56,107.0,94.0,0.3566666666666667,99.0,0.3133333333333333,0.33,2.0,0.4602,W_stay_L_up_T_down,2.7
342,base_llm_gpt35,0.2,5.0,2025-02-16_17-00-42,131.0,97.0,0.4366666666666666,72.0,0.3233333333333333,0.24,0.0,0.4596,opponent_transition_stay,2.8
343,base_llm_llama3,0.2,5.0,2025-02-16_16-52-44,113.0,94.0,0.3766666666666666,93.0,0.3133333333333333,0.31,0.0,0.0,W_stay_L_up_T_down,12.0
344,base_llm_gpt35,0.2,5.0,2025-02-16_17-03-32,120.0,105.0,0.4,75.0,0.35,0.25,1.0,0.4593,opponent_transition_stay,2.8
345,base_llm_gpt35,0.2,5.0,2025-02-16_17-06-19,124.0,102.0,0.4133333333333333,74.0,0.34,0.2466666666666666,2.0,0.4594,opponent_transition_stay,2.8
346,base_llm_gpt35,0.2,5.0,2025-02-16_17-09-09,113.0,83.0,0.3766666666666666,104.0,0.2766666666666666,0.3466666666666667,0.0,0.4601,W_up_L_down_T_stay,2.7
347,base_llm_gpt35,0.2,5.0,2025-02-16_17-11-54,98.0,92.0,0.3266666666666666,110.0,0.3066666666666666,0.3666666666666666,1.0,0.4602,W_up_L_down_T_stay,2.8
348,base_llm_llama3,0.2,5.0,2025-02-16_17-04-44,116.0,87.0,0.3866666666666666,97.0,0.29,0.3233333333333333,1.0,0.0,W_stay_L_up_T_down,12.0
349,base_llm_gpt35,0.2,5.0,2025-02-16_17-14-45,105.0,86.0,0.35,109.0,0.2866666666666667,0.3633333333333333,2.0,0.46,W_up_L_down_T_stay,2.7
350,base_llm_gpt35,0.2,5.0,2025-02-16_17-17-29,133.0,19.0,0.4433333333333333,148.0,0.0633333333333333,0.4933333333333333,0.0,0.457,opponent_transition_up,2.8
351,base_llm_gpt35,0.2,5.0,2025-02-16_17-20-17,137.0,22.0,0.4566666666666666,141.0,0.0733333333333333,0.47,1.0,0.457,opponent_transition_up,2.9
352,base_llm_gpt35,0.2,5.0,2025-02-16_17-23-15,146.0,14.0,0.4866666666666667,140.0,0.0466666666666666,0.4666666666666667,2.0,0.4568,opponent_transition_up,3.0
353,base_llm_llama3,0.2,5.0,2025-02-16_17-16-44,119.0,90.0,0.3966666666666666,91.0,0.3,0.3033333333333333,2.0,0.0,W_stay_L_up_T_down,12.1
354,base_llm_gpt35,0.2,5.0,2025-02-16_17-26-18,116.0,66.0,0.3866666666666666,118.0,0.22,0.3933333333333333,0.0,0.46,self_transition_up,2.8
355,base_llm_gpt35,0.2,5.0,2025-02-16_17-29-08,96.0,64.0,0.32,140.0,0.2133333333333333,0.4666666666666667,1.0,0.4598,self_transition_up,2.8
356,base_llm_gpt35,0.2,5.0,2025-02-16_17-31-56,116.0,66.0,0.3866666666666666,118.0,0.22,0.3933333333333333,2.0,0.4598,self_transition_up,2.7
357,base_llm_gpt35,0.2,5.0,2025-02-16_17-34-38,91.0,136.0,0.3033333333333333,73.0,0.4533333333333333,0.2433333333333333,0.0,0.4598,self_transition_down,3.4
358,base_llm_llama3,0.2,5.0,2025-02-16_17-28-49,175.0,65.0,0.5833333333333334,60.0,0.2166666666666666,0.2,0.0,0.0,opponent_transition_stay,12.1
359,base_llm_gpt35,0.2,5.0,2025-02-16_17-38-05,92.0,134.0,0.3066666666666666,74.0,0.4466666666666666,0.2466666666666666,1.0,0.4599,self_transition_down,2.8
360,base_llm_gpt35,0.2,5.0,2025-02-16_17-40-56,83.0,134.0,0.2766666666666666,83.0,0.4466666666666666,0.2766666666666666,2.0,0.4599,self_transition_down,2.8
361,base_llm_gpt35,0.2,5.0,2025-02-16_17-43-46,105.0,101.0,0.35,94.0,0.3366666666666666,0.3133333333333333,0.0,0.4597,prev_outcome_prev_transition,2.8
362,base_llm_gpt35,0.2,5.0,2025-02-16_17-46-33,107.0,88.0,0.3566666666666667,105.0,0.2933333333333333,0.35,1.0,0.4594,prev_outcome_prev_transition,3.0
363,base_llm_gpt35,0.2,5.0,2025-02-16_17-49-31,96.0,109.0,0.32,95.0,0.3633333333333333,0.3166666666666666,2.0,0.4595,prev_outcome_prev_transition,2.9
364,base_llm_llama3,0.2,5.0,2025-02-16_17-40-54,181.0,57.0,0.6033333333333334,62.0,0.19,0.2066666666666666,1.0,0.0,opponent_transition_stay,12.1
365,base_llm_llama3,0.2,5.0,2025-02-16_17-52-59,207.0,34.0,0.69,59.0,0.1133333333333333,0.1966666666666666,2.0,0.0,opponent_transition_stay,12.1
366,base_llm_llama3,0.2,5.0,2025-02-16_18-05-04,104.0,85.0,0.3466666666666667,111.0,0.2833333333333333,0.37,0.0,0.0,W_up_L_down_T_stay,12.1
367,base_llm_llama3,0.2,5.0,2025-02-16_18-17-12,107.0,84.0,0.3566666666666667,109.0,0.28,0.3633333333333333,1.0,0.0,W_up_L_down_T_stay,12.1
368,base_llm_llama3,0.2,5.0,2025-02-16_18-29-18,103.0,91.0,0.3433333333333333,106.0,0.3033333333333333,0.3533333333333333,2.0,0.0,W_up_L_down_T_stay,12.3
369,base_llm_llama3,0.2,5.0,2025-02-16_18-41-35,40.0,25.0,0.1333333333333333,235.0,0.0833333333333333,0.7833333333333333,0.0,0.0,opponent_transition_up,13.1
370,base_llm_llama3,0.2,5.0,2025-02-16_18-54-40,49.0,40.0,0.1633333333333333,211.0,0.1333333333333333,0.7033333333333334,1.0,0.0,opponent_transition_up,13.6
371,base_llm_llama3,0.2,5.0,2025-02-16_19-08-19,42.0,40.0,0.14,218.0,0.1333333333333333,0.7266666666666667,2.0,0.0,opponent_transition_up,13.4
372,base_llm_gpt35,0.2,5.0,2025-02-16_19-24-55,108.0,89.0,0.36,103.0,0.2966666666666667,0.3433333333333333,3.0,0.4602,W_stay_L_up_T_down,2.7
373,base_llm_gpt35,0.2,5.0,2025-02-16_19-27-37,117.0,86.0,0.39,97.0,0.2866666666666667,0.3233333333333333,4.0,0.4601,W_stay_L_up_T_down,3.2
374,base_llm_gpt35,0.2,5.0,2025-02-16_19-30-49,116.0,88.0,0.3866666666666666,96.0,0.2933333333333333,0.32,5.0,0.4604,W_stay_L_up_T_down,2.7
375,base_llm_gpt35,0.2,5.0,2025-02-16_19-33-29,114.0,89.0,0.38,97.0,0.2966666666666667,0.3233333333333333,6.0,0.4603,W_stay_L_up_T_down,2.9
376,base_llm_llama3,0.2,5.0,2025-02-16_19-21-46,28.0,28.0,0.0933333333333333,244.0,0.0933333333333333,0.8133333333333334,0.0,0.0,self_transition_up,14.9
377,base_llm_gpt35,0.2,5.0,2025-02-16_19-36-27,115.0,90.0,0.3833333333333333,95.0,0.3,0.3166666666666666,7.0,0.4604,W_stay_L_up_T_down,2.7
378,base_llm_gpt35,0.2,5.0,2025-02-16_19-39-12,117.0,94.0,0.39,89.0,0.3133333333333333,0.2966666666666667,8.0,0.4603,W_stay_L_up_T_down,3.0
379,base_llm_gpt35,0.2,5.0,2025-02-16_19-42-11,111.0,94.0,0.37,95.0,0.3133333333333333,0.3166666666666666,9.0,0.4602,W_stay_L_up_T_down,2.9
380,base_llm_gpt35,0.2,5.0,2025-02-16_19-45-06,115.0,110.0,0.3833333333333333,75.0,0.3666666666666666,0.25,3.0,0.4594,opponent_transition_stay,2.9
381,base_llm_gpt35,0.2,5.0,2025-02-16_19-48-04,134.0,101.0,0.4466666666666666,65.0,0.3366666666666666,0.2166666666666666,4.0,0.4588,opponent_transition_stay,3.0
382,base_llm_llama3,0.2,5.0,2025-02-16_19-36-44,20.0,32.0,0.0666666666666666,248.0,0.1066666666666666,0.8266666666666667,1.0,0.0,self_transition_up,14.8
383,base_llm_gpt35,0.2,5.0,2025-02-16_19-51-06,132.0,103.0,0.44,65.0,0.3433333333333333,0.2166666666666666,5.0,0.46,opponent_transition_stay,2.8
384,base_llm_gpt35,0.2,5.0,2025-02-16_19-53-55,121.0,109.0,0.4033333333333333,70.0,0.3633333333333333,0.2333333333333333,6.0,0.4596,opponent_transition_stay,2.8
385,base_llm_gpt35,0.2,5.0,2025-02-16_19-56-42,122.0,101.0,0.4066666666666667,77.0,0.3366666666666666,0.2566666666666666,7.0,0.4593,opponent_transition_stay,2.8
386,base_llm_gpt35,0.2,5.0,2025-02-16_19-59-30,120.0,107.0,0.4,73.0,0.3566666666666667,0.2433333333333333,8.0,0.4596,opponent_transition_stay,2.9
387,base_llm_gpt35,0.2,5.0,2025-02-16_20-02-26,131.0,104.0,0.4366666666666666,65.0,0.3466666666666667,0.2166666666666666,9.0,0.4591,opponent_transition_stay,2.8
388,base_llm_llama3,0.2,5.0,2025-02-16_19-51-34,30.0,28.0,0.1,242.0,0.0933333333333333,0.8066666666666666,2.0,0.0,self_transition_up,15.2
389,base_llm_gpt35,0.2,5.0,2025-02-16_20-05-15,103.0,92.0,0.3433333333333333,105.0,0.3066666666666666,0.35,3.0,0.4607,W_up_L_down_T_stay,3.0
390,base_llm_gpt35,0.2,5.0,2025-02-16_20-08-15,95.0,99.0,0.3166666666666666,106.0,0.33,0.3533333333333333,4.0,0.4607,W_up_L_down_T_stay,3.0
391,base_llm_gpt35,0.2,5.0,2025-02-16_20-11-18,99.0,90.0,0.33,111.0,0.3,0.37,5.0,0.4602,W_up_L_down_T_stay,2.9
392,base_llm_gpt35,0.2,5.0,2025-02-16_20-14-15,99.0,96.0,0.33,105.0,0.32,0.35,6.0,0.4607,W_up_L_down_T_stay,2.8
393,base_llm_gpt35,0.2,5.0,2025-02-16_20-17-07,102.0,94.0,0.34,104.0,0.3133333333333333,0.3466666666666667,7.0,0.4606,W_up_L_down_T_stay,2.9
394,base_llm_llama3,0.2,5.0,2025-02-16_20-06-49,49.0,230.0,0.1633333333333333,21.0,0.7666666666666667,0.07,0.0,0.0,self_transition_down,15.1
395,base_llm_gpt35,0.2,5.0,2025-02-16_20-20-02,96.0,97.0,0.32,107.0,0.3233333333333333,0.3566666666666667,8.0,0.4607,W_up_L_down_T_stay,2.7
396,base_llm_gpt35,0.2,5.0,2025-02-16_20-22-48,108.0,88.0,0.36,104.0,0.2933333333333333,0.3466666666666667,9.0,0.4606,W_up_L_down_T_stay,2.8
397,base_llm_gpt35,0.2,5.0,2025-02-16_20-25-38,140.0,15.0,0.4666666666666667,145.0,0.05,0.4833333333333333,3.0,0.4569,opponent_transition_up,2.8
398,base_llm_gpt35,0.2,5.0,2025-02-16_20-28-25,134.0,22.0,0.4466666666666666,144.0,0.0733333333333333,0.48,4.0,0.457,opponent_transition_up,2.8
399,base_llm_gpt35,0.2,5.0,2025-02-16_20-31-17,126.0,22.0,0.42,152.0,0.0733333333333333,0.5066666666666667,5.0,0.457,opponent_transition_up,3.6
400,base_llm_llama3,0.2,5.0,2025-02-16_20-21-57,47.0,225.0,0.1566666666666666,28.0,0.75,0.0933333333333333,1.0,0.0,self_transition_down,15.0
401,base_llm_gpt35,0.2,5.0,2025-02-16_20-34-54,142.0,23.0,0.4733333333333333,135.0,0.0766666666666666,0.45,6.0,0.4568,opponent_transition_up,2.7
402,base_llm_gpt35,0.2,5.0,2025-02-16_20-37-38,131.0,16.0,0.4366666666666666,153.0,0.0533333333333333,0.51,7.0,0.4569,opponent_transition_up,2.9
403,base_llm_gpt35,0.2,5.0,2025-02-16_20-40-33,124.0,16.0,0.4133333333333333,160.0,0.0533333333333333,0.5333333333333333,8.0,0.4571,opponent_transition_up,2.8
404,base_llm_gpt35,0.2,5.0,2025-02-16_20-43-23,128.0,17.0,0.4266666666666667,155.0,0.0566666666666666,0.5166666666666667,9.0,0.4567,opponent_transition_up,2.9
405,base_llm_gpt35,0.2,5.0,2025-02-16_20-46-16,118.0,62.0,0.3933333333333333,120.0,0.2066666666666666,0.4,3.0,0.4595,self_transition_up,2.8
406,base_llm_gpt35,0.2,5.0,2025-02-16_20-49-06,111.0,63.0,0.37,126.0,0.21,0.42,4.0,0.4598,self_transition_up,2.7
407,base_llm_llama3,0.2,5.0,2025-02-16_20-36-56,17.0,255.0,0.0566666666666666,28.0,0.85,0.0933333333333333,2.0,0.0,self_transition_down,14.9
408,base_llm_gpt35,0.2,5.0,2025-02-16_20-51-47,138.0,61.0,0.46,101.0,0.2033333333333333,0.3366666666666666,5.0,0.4598,self_transition_up,2.8
409,base_llm_gpt35,0.2,5.0,2025-02-16_20-54-38,119.0,66.0,0.3966666666666666,115.0,0.22,0.3833333333333333,6.0,0.4597,self_transition_up,2.8
410,base_llm_gpt35,0.2,5.0,2025-02-16_20-57-29,125.0,59.0,0.4166666666666667,116.0,0.1966666666666666,0.3866666666666666,7.0,0.46,self_transition_up,3.2
411,base_llm_gpt35,0.2,5.0,2025-02-16_21-00-44,138.0,53.0,0.46,109.0,0.1766666666666666,0.3633333333333333,8.0,0.4598,self_transition_up,2.8
412,base_llm_gpt35,0.2,5.0,2025-02-16_21-03-35,111.0,67.0,0.37,122.0,0.2233333333333333,0.4066666666666667,9.0,0.4596,self_transition_up,2.8
413,base_llm_llama3,0.2,5.0,2025-02-16_20-51-52,35.0,227.0,0.1166666666666666,38.0,0.7566666666666667,0.1266666666666666,0.0,0.0,prev_outcome_prev_transition,14.8
414,base_llm_gpt35,0.2,5.0,2025-02-16_21-06-25,90.0,126.0,0.3,84.0,0.42,0.28,3.0,0.4599,self_transition_down,3.0
415,base_llm_gpt35,0.2,5.0,2025-02-16_21-09-24,106.0,135.0,0.3533333333333333,59.0,0.45,0.1966666666666666,4.0,0.4595,self_transition_down,2.9
416,base_llm_gpt35,0.2,5.0,2025-02-16_21-12-19,99.0,131.0,0.33,70.0,0.4366666666666666,0.2333333333333333,5.0,0.4597,self_transition_down,2.8
417,base_llm_gpt35,0.2,5.0,2025-02-16_21-15-09,86.0,142.0,0.2866666666666667,72.0,0.4733333333333333,0.24,6.0,0.4598,self_transition_down,2.7
418,base_llm_gpt35,0.2,5.0,2025-02-16_21-17-54,95.0,128.0,0.3166666666666666,77.0,0.4266666666666667,0.2566666666666666,7.0,0.4597,self_transition_down,2.8
419,base_llm_llama3,0.2,5.0,2025-02-16_21-06-41,66.0,176.0,0.22,58.0,0.5866666666666667,0.1933333333333333,1.0,0.0,prev_outcome_prev_transition,14.6
420,base_llm_gpt35,0.2,5.0,2025-02-16_21-20-45,88.0,140.0,0.2933333333333333,72.0,0.4666666666666667,0.24,8.0,0.4595,self_transition_down,2.9
421,base_llm_gpt35,0.2,5.0,2025-02-16_21-23-40,97.0,143.0,0.3233333333333333,60.0,0.4766666666666667,0.2,9.0,0.4595,self_transition_down,3.0
422,base_llm_gpt35,0.2,5.0,2025-02-16_21-26-40,95.0,114.0,0.3166666666666666,91.0,0.38,0.3033333333333333,3.0,0.4599,prev_outcome_prev_transition,3.1
423,base_llm_gpt35,0.2,5.0,2025-02-16_21-29-46,97.0,117.0,0.3233333333333333,86.0,0.39,0.2866666666666667,4.0,0.4599,prev_outcome_prev_transition,2.8
424,base_llm_gpt35,0.2,5.0,2025-02-16_21-32-36,108.0,88.0,0.36,104.0,0.2933333333333333,0.3466666666666667,5.0,0.4598,prev_outcome_prev_transition,2.8
425,base_llm_llama3,0.2,5.0,2025-02-16_21-21-16,43.0,218.0,0.1433333333333333,39.0,0.7266666666666667,0.13,2.0,0.0,prev_outcome_prev_transition,14.8
426,base_llm_gpt35,0.2,5.0,2025-02-16_21-35-26,100.0,97.0,0.3333333333333333,103.0,0.3233333333333333,0.3433333333333333,6.0,0.4593,prev_outcome_prev_transition,2.8
427,base_llm_gpt35,0.2,5.0,2025-02-16_21-38-14,91.0,117.0,0.3033333333333333,92.0,0.39,0.3066666666666666,7.0,0.4599,prev_outcome_prev_transition,2.9
428,base_llm_gpt35,0.2,5.0,2025-02-16_21-41-09,93.0,116.0,0.31,91.0,0.3866666666666666,0.3033333333333333,8.0,0.4592,prev_outcome_prev_transition,2.8
429,base_llm_gpt35,0.2,5.0,2025-02-16_21-43-56,98.0,96.0,0.3266666666666666,106.0,0.32,0.3533333333333333,9.0,0.4595,prev_outcome_prev_transition,2.8
430,hm_llama3,0.2,5.0,2025-02-16_18-36-46,119.0,83.0,0.3966666666666666,98.0,0.2766666666666666,0.3266666666666666,6.0,0.0,W_stay_L_up_T_down,334.2
431,hm_llama3,0.2,5.0,2025-02-17_00-10-58,97.0,94.0,0.3233333333333333,109.0,0.3133333333333333,0.3633333333333333,7.0,0.0,W_stay_L_up_T_down,290.8
432,hm_llama3,0.2,5.0,2025-02-17_05-01-48,108.0,83.0,0.36,109.0,0.2766666666666666,0.3633333333333333,8.0,0.0,W_stay_L_up_T_down,298.4
433,hm_llama3,0.2,5.0,2025-02-17_10-00-13,114.0,78.0,0.38,108.0,0.26,0.36,9.0,0.0,W_stay_L_up_T_down,282.5
434,choose_hyp_gpt4o,0.2,5.0,2025-02-17_16-40-45,215.0,52.0,0.7166666666666667,33.0,0.1733333333333333,0.11,,8.0013,self_transition_up,14.0
435,choose_hyp_gpt4o,0.2,5.0,2025-02-17_16-57-43,240.0,35.0,0.8,25.0,0.1166666666666666,0.0833333333333333,0.0,5.9091,W_stay_L_up_T_down,13.4
436,choose_hyp_gpt4o,0.2,5.0,2025-02-17_16-58-03,244.0,32.0,0.8133333333333334,24.0,0.1066666666666666,0.08,0.0,5.7024,W_stay_L_up_T_down,14.0
437,choose_hyp_gpt4o,0.2,5.0,2025-02-17_17-12-05,268.0,19.0,0.8933333333333333,13.0,0.0633333333333333,0.0433333333333333,0.0,3.7394,opponent_transition_stay,11.5
438,choose_hyp_gpt4o,0.2,5.0,2025-02-17_17-11-11,244.0,32.0,0.8133333333333334,24.0,0.1066666666666666,0.08,1.0,5.6901,W_stay_L_up_T_down,13.1
439,choose_hyp_gpt4o,0.2,5.0,2025-02-17_17-24-17,262.0,16.0,0.8733333333333333,22.0,0.0533333333333333,0.0733333333333333,0.0,4.4842,opponent_transition_stay,11.9
440,hm_llama3,0.2,5.0,2025-02-17_14-42-46,188.0,64.0,0.6266666666666667,48.0,0.2133333333333333,0.16,9.0,0.0,opponent_transition_stay,177.4
441,choose_hyp_gpt4o,0.2,5.0,2025-02-17_20-02-05,240.0,21.0,0.8,39.0,0.07,0.13,0.0,6.2891,W_up_L_down_T_stay,13.0
442,choose_hyp_gpt4o,0.2,5.0,2025-02-17_20-02-20,245.0,24.0,0.8166666666666667,31.0,0.08,0.1033333333333333,0.0,5.9043,W_up_L_down_T_stay,13.2
443,choose_hyp_gpt4o,0.2,5.0,2025-02-17_20-15-09,269.0,12.0,0.8966666666666666,19.0,0.04,0.0633333333333333,0.0,4.0794,opponent_transition_up,12.3
444,choose_hyp_gpt4o,0.2,5.0,2025-02-17_20-15-31,246.0,22.0,0.82,32.0,0.0733333333333333,0.1066666666666666,1.0,6.3171,W_up_L_down_T_stay,12.9
445,choose_hyp_gpt4o,0.2,5.0,2025-02-17_20-28-26,265.0,20.0,0.8833333333333333,15.0,0.0666666666666666,0.05,0.0,4.232,opponent_transition_up,11.6
446,choose_hyp_gpt4o,0.2,5.0,2025-02-17_20-27-25,235.0,30.0,0.7833333333333333,35.0,0.1,0.1166666666666666,0.0,5.9086,self_transition_down,13.7
447,choose_hyp_gpt4o,0.2,5.0,2025-02-17_20-40-02,242.0,22.0,0.8066666666666666,36.0,0.0733333333333333,0.12,1.0,5.8414,opponent_transition_up,14.9
448,choose_hyp_gpt4o,0.2,5.0,2025-02-17_20-41-11,90.0,100.0,0.3,110.0,0.3333333333333333,0.3666666666666666,0.0,12.3106,prev_outcome_prev_transition,16.4
449,,,,,,,,,,,,,,
450,choose_hypothesis_gpt4o,0.2,5.0,2025-02-15_22-30-55,105.0,95.0,0.35,100.0,0.3166666666666666,0.3333333333333333,5.0,13.5306,prev_outcome_prev_transition,55.1
451,hm_gpt4o,1.0,5.0,2025-02-13_20-43-50,115.0,78.0,0.3833333333333333,107.0,0.26,0.3566666666666667,0.0,13.0064,W_stay_L_up_T_down,52.0
452,hm_gpt4o,1.0,5.0,2025-02-13_21-35-48,109.0,78.0,0.3633333333333333,113.0,0.26,0.3766666666666666,1.0,13.4988,W_stay_L_up_T_down,56.4
453,hm_gpt4o,1.0,5.0,2025-02-13_22-32-12,117.0,71.0,0.39,112.0,0.2366666666666666,0.3733333333333333,2.0,13.2627,W_stay_L_up_T_down,56.6
454,hm_gpt4o,1.0,5.0,2025-02-13_23-28-47,78.0,147.0,0.26,75.0,0.49,0.25,0.0,12.7181,opponent_transition_stay,53.8
455,hm_gpt4o,1.0,5.0,2025-02-14_00-22-34,61.0,145.0,0.2033333333333333,94.0,0.4833333333333333,0.3133333333333333,1.0,13.2641,opponent_transition_stay,58.1
456,hm_gpt4o,1.0,5.0,2025-02-16_09-42-23,64.0,149.0,0.2133333333333333,87.0,0.4966666666666666,0.29,2.0,13.0977,opponent_transition_stay,50.2
457,hm_gpt4o,1.0,5.0,2025-02-16_10-32-36,116.0,95.0,0.3866666666666666,89.0,0.3166666666666666,0.2966666666666667,0.0,13.1068,W_up_L_down_T_stay,51.1
458,hm_gpt4o,1.0,5.0,2025-02-16_11-23-40,97.0,99.0,0.3233333333333333,104.0,0.33,0.3466666666666667,1.0,13.2083,W_up_L_down_T_stay,49.3
459,hm_gpt4o,1.0,5.0,2025-02-16_12-12-59,111.0,94.0,0.37,95.0,0.3133333333333333,0.3166666666666666,2.0,13.0405,W_up_L_down_T_stay,47.8
460,hm_gpt4o,1.0,5.0,2025-02-16_13-00-51,185.0,71.0,0.6166666666666667,44.0,0.2366666666666666,0.1466666666666666,0.0,9.5532,opponent_transition_up,38.8
461,hm_gpt4o,1.0,5.0,2025-02-16_13-39-37,234.0,44.0,0.78,22.0,0.1466666666666666,0.0733333333333333,1.0,6.0652,opponent_transition_up,26.7
462,hm_gpt4o,1.0,5.0,2025-02-16_14-06-18,150.0,100.0,0.5,50.0,0.3333333333333333,0.1666666666666666,2.0,11.2397,opponent_transition_up,44.5
463,hm_gpt4o,1.0,5.0,2025-02-16_14-50-47,161.0,71.0,0.5366666666666666,68.0,0.2366666666666666,0.2266666666666666,0.0,11.0576,self_transition_up,42.9
464,hm_gpt4o,1.0,5.0,2025-02-16_15-33-42,214.0,54.0,0.7133333333333334,32.0,0.18,0.1066666666666666,1.0,8.5515,self_transition_up,35.2
465,hm_gpt4o,1.0,5.0,2025-02-16_16-08-54,208.0,54.0,0.6933333333333334,38.0,0.18,0.1266666666666666,2.0,8.0586,self_transition_up,32.5
466,hm_gpt4o,1.0,5.0,2025-02-16_18-57-51,243.0,33.0,0.81,24.0,0.11,0.08,0.0,6.2534,self_transition_down,27.5
467,hm_gpt4o,1.0,5.0,2025-02-16_19-25-23,114.0,99.0,0.38,87.0,0.33,0.29,1.0,13.0376,self_transition_down,48.4
468,hm_gpt4o,1.0,5.0,2025-02-16_20-13-47,204.0,60.0,0.68,36.0,0.2,0.12,2.0,8.6856,self_transition_down,35.3
469,hm_gpt4o,1.0,5.0,2025-02-16_20-49-07,73.0,137.0,0.2433333333333333,90.0,0.4566666666666666,0.3,0.0,13.2233,prev_outcome_prev_transition,62.4
470,hm_gpt4o,1.0,5.0,2025-02-16_21-51-32,80.0,126.0,0.2666666666666666,94.0,0.42,0.3133333333333333,1.0,12.9661,prev_outcome_prev_transition,52.2
471,hm_gpt4o,1.0,5.0,2025-02-16_22-43-45,92.0,137.0,0.3066666666666666,71.0,0.4566666666666666,0.2366666666666666,2.0,13.0182,prev_outcome_prev_transition,52.7
472,,,,,,,,,,,,,,
473,choose_hyp_gpt4o,0.2,5.0,2025-02-17_20-54-58,190.0,63.0,0.6333333333333333,47.0,0.21,0.1566666666666666,1.0,9.3189,self_transition_up,14.6
474,choose_hyp_gpt4o,0.2,5.0,2025-02-17_21-09-36,237.0,30.0,0.79,33.0,0.1,0.11,0.0,5.6316,self_transition_down,13.2
475,hm_llama3,0.2,5.0,2025-02-17_17-40-14,174.0,70.0,0.58,56.0,0.2333333333333333,0.1866666666666666,6.0,0.0,W_up_L_down_T_stay,235.5
476,choose_hyp_gpt4o,0.2,5.0,2025-02-17_21-22-51,227.0,39.0,0.7566666666666667,34.0,0.13,0.1133333333333333,1.0,6.4832,self_transition_down,13.5
477,choose_hyp_gpt4o,0.2,5.0,2025-02-17_21-36-25,104.0,115.0,0.3466666666666667,81.0,0.3833333333333333,0.27,0.0,12.2035,prev_outcome_prev_transition,17.9
478,choose_hyp_gpt4o,0.2,5.0,2025-02-17_21-54-22,89.0,111.0,0.2966666666666667,100.0,0.37,0.3333333333333333,1.0,12.3039,prev_outcome_prev_transition,17.1
479,choose_hyp_gpt4o,0.2,5.0,2025-02-17_22-22-50,263.0,21.0,0.8766666666666667,16.0,0.07,0.0533333333333333,2.0,4.4482,opponent_transition_stay,13.4
480,choose_hyp_gpt4o,0.2,5.0,2025-02-17_22-36-16,207.0,58.0,0.69,35.0,0.1933333333333333,0.1166666666666666,2.0,8.3346,self_transition_up,16.0
481,hm_llama3,0.2,5.0,2025-02-17_21-35-47,141.0,91.0,0.47,68.0,0.3033333333333333,0.2266666666666666,7.0,0.0,W_up_L_down_T_stay,268.7
482,hm_llama3,0.2,5.0,2025-02-18_02-04-32,143.0,84.0,0.4766666666666667,73.0,0.28,0.2433333333333333,8.0,0.0,W_up_L_down_T_stay,257.1
483,hm_llama3,0.2,5.0,2025-02-18_06-21-43,140.0,92.0,0.4666666666666667,68.0,0.3066666666666666,0.2266666666666666,9.0,0.0,W_up_L_down_T_stay,260.8
484,hm_llama3,0.2,5.0,2025-02-18_10-42-29,233.0,47.0,0.7766666666666666,20.0,0.1566666666666666,0.0666666666666666,7.0,0.0,opponent_transition_up,155.0
485,hm_llama3,0.2,5.0,2025-02-18_13-17-28,243.0,42.0,0.81,15.0,0.14,0.05,8.0,0.0,opponent_transition_up,127.5
486,hm_scaffold_gpt4o,0.2,5.0,2025-02-18_15-00-20,218.0,57.0,0.7266666666666667,25.0,0.19,0.0833333333333333,,7.7663,W_stay_L_up_T_down,53.6
487,hm_scaffold_gpt4o,0.2,5.0,2025-02-18_15-50-50,176.0,47.0,0.5866666666666667,77.0,0.1566666666666666,0.2566666666666666,,9.486,W_up_L_down_T_stay,65.1
488,hm_scaffold_gpt4o,0.2,5.0,2025-02-18_16-34-01,198.0,70.0,0.66,32.0,0.2333333333333333,0.1066666666666666,,8.8434,W_stay_L_up_T_down,52.8
489,hm_scaffold_gpt4o,0.2,5.0,2025-02-18_17-09-47,243.0,25.0,0.81,32.0,0.0833333333333333,0.1066666666666666,,5.6466,W_up_L_down_T_stay,33.4
490,hm_scaffold_gpt4o,0.2,5.0,2025-02-18_17-29-31,213.0,56.0,0.71,31.0,0.1866666666666666,0.1033333333333333,,8.4575,W_stay_L_up_T_down,39.0
491,hm_scaffold_gpt4o,0.2,5.0,2025-02-18_17-44-13,197.0,50.0,0.6566666666666666,53.0,0.1666666666666666,0.1766666666666666,,8.1701,W_up_L_down_T_stay,50.6
492,hm_scaffold_1shot_gpt4o,0.2,5.0,2025-02-18_17-57-51,146.0,94.0,0.4866666666666667,60.0,0.3133333333333333,0.2,,10.1741,W_stay_L_up_T_down,47.8
493,hm_scaffold_gpt4o,0.2,5.0,2025-02-18_17-50-14,207.0,34.0,0.69,59.0,0.1133333333333333,0.1966666666666666,0.0,8.8938,self_transition_up,60.8
494,hm_scaffold_1shot_gpt4o,0.2,5.0,2025-02-18_17-59-33,118.0,109.0,0.3933333333333333,73.0,0.3633333333333333,0.2433333333333333,,12.4826,W_up_L_down_T_stay,56.2
495,hm_llama3,0.2,5.0,2025-02-18_15-25-01,180.0,83.0,0.6,37.0,0.2766666666666666,0.1233333333333333,9.0,0.0,opponent_transition_up,210.7
496,hm_scaffold_gpt4o,0.2,5.0,2025-02-18_18-51-00,235.0,35.0,0.7833333333333333,30.0,0.1166666666666666,0.1,1.0,6.9607,self_transition_up,37.8
497,hm_scaffold_gpt4o,0.2,5.0,2025-02-18_19-44-32,221.0,54.0,0.7366666666666667,25.0,0.18,0.0833333333333333,0.0,4.5037,opponent_transition_stay,21.8
498,hm_scaffold_gpt4o,0.2,5.0,2025-02-18_19-28-53,200.0,73.0,0.6666666666666666,27.0,0.2433333333333333,0.09,2.0,8.9952,self_transition_up,43.6
499,hm_scaffold_gpt4o,0.2,5.0,2025-02-18_20-06-20,251.0,28.0,0.8366666666666667,21.0,0.0933333333333333,0.07,0.0,4.8385,opponent_transition_up,24.3
500,hm_scaffold_gpt4o,0.2,5.0,2025-02-18_20-12-31,239.0,39.0,0.7966666666666666,22.0,0.13,0.0733333333333333,0.0,6.1756,self_transition_down,31.4
501,hm_scaffold_1shot_gpt4o,0.2,5.0,2025-02-18_20-22-05,208.0,61.0,0.6933333333333334,31.0,0.2033333333333333,0.1033333333333333,0.0,6.9164,self_transition_up,27.7
502,hm_scaffold_gpt4o,0.2,5.0,2025-02-18_20-30-41,253.0,26.0,0.8433333333333334,21.0,0.0866666666666666,0.07,0.0,5.06,self_transition_down,23.8
503,hm_scaffold_1shot_gpt4o,0.2,5.0,2025-02-18_20-21-48,113.0,101.0,0.3766666666666666,86.0,0.3366666666666666,0.2866666666666667,1.0,12.8496,W_stay_L_up_T_down,45.3
504,hm_scaffold_1shot_gpt4o,0.2,5.0,2025-02-18_20-49-50,259.0,27.0,0.8633333333333333,14.0,0.09,0.0466666666666666,0.0,4.6727,self_transition_down,22.0
505,hm_scaffold_gpt4o,0.2,5.0,2025-02-18_20-43-59,226.0,31.0,0.7533333333333333,43.0,0.1033333333333333,0.1433333333333333,1.0,6.6544,self_transition_down,30.9
506,hm_scaffold_1shot_gpt4o,0.2,5.0,2025-02-18_21-11-53,246.0,33.0,0.82,21.0,0.11,0.07,0.0,5.1566,opponent_transition_up,23.7
507,hm_scaffold_gpt4o,0.2,5.0,2025-02-18_21-14-57,242.0,32.0,0.8066666666666666,26.0,0.1066666666666666,0.0866666666666666,2.0,6.1521,self_transition_down,29.6
508,hm_scaffold_1shot_gpt4o,0.2,5.0,2025-02-18_21-07-05,171.0,43.0,0.57,86.0,0.1433333333333333,0.2866666666666667,1.0,9.9136,W_up_L_down_T_stay,41.0
509,hm_scaffold_1shot_gpt4o,0.2,5.0,2025-02-18_21-48-08,233.0,37.0,0.7766666666666666,30.0,0.1233333333333333,0.1,0.0,4.6298,opponent_transition_stay,22.3
510,hm_scaffold_gpt4o,0.2,5.0,2025-02-18_21-44-34,220.0,39.0,0.7333333333333333,41.0,0.13,0.1366666666666666,0.0,7.2012,opponent_transition_up,34.0
511,hm_scaffold_1shot_gpt4o,0.2,5.0,2025-02-18_21-35-39,50.0,190.0,0.1666666666666666,60.0,0.6333333333333333,0.2,0.0,12.5418,opponent_transition_stay,52.5
512,hm_scaffold_gpt4o,0.2,5.0,2025-02-18_22-18-36,210.0,46.0,0.7,44.0,0.1533333333333333,0.1466666666666666,1.0,7.2495,opponent_transition_up,33.6
513,hm_scaffold_1shot_gpt4o,0.2,5.0,2025-02-18_22-10-26,61.0,184.0,0.2033333333333333,55.0,0.6133333333333333,0.1833333333333333,1.0,12.6306,opponent_transition_stay,52.6
514,hm_llama3,0.2,5.0,2025-02-18_18-55-46,150.0,114.0,0.5,36.0,0.38,0.12,5.0,0.0,self_transition_up,250.5
515,hm_scaffold_gpt4o,0.2,5.0,2025-02-18_22-52-17,237.0,39.0,0.79,24.0,0.13,0.08,2.0,5.7953,opponent_transition_up,27.7
516,hm_scaffold_1shot_gpt4o,0.2,5.0,2025-02-18_23-03-05,252.0,36.0,0.84,12.0,0.12,0.04,0.0,4.8395,opponent_transition_up,24.4
517,hm_scaffold_gpt4o,0.2,5.0,2025-02-18_23-20-00,196.0,66.0,0.6533333333333333,38.0,0.22,0.1266666666666666,0.0,6.5407,opponent_transition_stay,33.6
518,hm_scaffold_1shot_gpt4o,0.2,5.0,2025-02-18_23-27-30,237.0,44.0,0.79,19.0,0.1466666666666666,0.0633333333333333,1.0,6.1239,opponent_transition_up,29.3
519,hm_scaffold_1shot_gpt4o,0.2,5.0,2025-02-18_23-56-50,256.0,26.0,0.8533333333333334,18.0,0.0866666666666666,0.06,0.0,4.8078,self_transition_down,27.2
520,hm_scaffold_1shot_gpt4o,0.2,5.0,2025-02-19_00-24-07,226.0,39.0,0.7533333333333333,35.0,0.13,0.1166666666666666,1.0,6.055,self_transition_down,29.7
521,hm_scaffold_gpt4o,0.2,5.0,2025-02-18_23-53-37,136.0,95.0,0.4533333333333333,69.0,0.3166666666666666,0.23,1.0,11.2945,opponent_transition_stay,73.0
522,hm_scaffold_1shot_gpt4o,0.2,5.0,2025-02-19_00-53-51,228.0,39.0,0.76,33.0,0.13,0.11,0.0,5.9093,self_transition_up,42.8
523,hm_scaffold_1shot_gpt4o,0.2,5.0,2025-02-19_01-36-43,228.0,34.0,0.76,38.0,0.1133333333333333,0.1266666666666666,1.0,6.3526,self_transition_up,33.3
524,hm_scaffold_gpt4o,0.2,5.0,2025-02-19_01-06-40,92.0,140.0,0.3066666666666666,68.0,0.4666666666666667,0.2266666666666666,2.0,13.5422,opponent_transition_stay,85.4
525,hm_scaffold_gpt4o,0.2,5.0,2025-02-19_02-32-05,166.0,43.0,0.5533333333333333,91.0,0.1433333333333333,0.3033333333333333,2.0,9.9055,W_up_L_down_T_stay,66.3
526,hm_llama3,0.2,5.0,2025-02-18_23-06-18,120.0,86.0,0.4,94.0,0.2866666666666667,0.3133333333333333,6.0,0.0,self_transition_up,284.0
527,hm_scaffold_gpt4o,0.2,5.0,2025-02-19_03-38-22,240.0,33.0,0.8,27.0,0.11,0.09,2.0,6.3904,W_stay_L_up_T_down,34.9
528,hm_llama3,0.2,5.0,2025-02-19_03-50-17,118.0,88.0,0.3933333333333333,94.0,0.2933333333333333,0.3133333333333333,7.0,0.0,self_transition_up,269.6
529,hm_scaffold_1shot_gpt4o,0.2,5.0,2025-02-19_10-15-33,230.0,29.0,0.7666666666666667,41.0,0.0966666666666666,0.1366666666666666,2.0,6.1247,W_up_L_down_T_stay,39.3
530,hm_scaffold_1shot_gpt4o,0.2,5.0,2025-02-19_10-30-52,166.0,69.0,0.5533333333333333,65.0,0.23,0.2166666666666666,,11.0705,W_stay_L_up_T_down,63.7
531,hm_llama3,0.2,5.0,2025-02-19_08-19-57,136.0,106.0,0.4533333333333333,58.0,0.3533333333333333,0.1933333333333333,8.0,0.0,self_transition_up,292.1
532,hm_llama3,0.2,5.0,2025-02-19_13-12-05,140.0,100.0,0.4666666666666667,60.0,0.3333333333333333,0.2,9.0,0.0,self_transition_up,269.1
533,hm_llama3,0.2,5.0,2025-02-19_17-41-13,67.0,139.0,0.2233333333333333,94.0,0.4633333333333333,0.3133333333333333,5.0,0.0,self_transition_down,285.3
534,hm_llama3,0.2,5.0,2025-02-19_22-26-30,59.0,159.0,0.1966666666666666,82.0,0.53,0.2733333333333333,6.0,0.0,self_transition_down,306.7
535,hm_llama3,0.2,5.0,2025-02-20_03-33-15,54.0,125.0,0.18,121.0,0.4166666666666667,0.4033333333333333,7.0,0.0,self_transition_down,292.4
536,hm_llama3,0.2,5.0,2025-02-20_08-25-40,147.0,75.0,0.49,78.0,0.25,0.26,8.0,0.0,self_transition_down,251.9
537,hm_llama3,0.2,5.0,2025-02-20_12-37-33,53.0,166.0,0.1766666666666666,81.0,0.5533333333333333,0.27,9.0,0.0,self_transition_down,292.0
538,hm_llama3,0.2,5.0,2025-02-20_17-29-35,79.0,137.0,0.2633333333333333,84.0,0.4566666666666666,0.28,5.0,0.0,prev_outcome_prev_transition,288.7
539,hm_gpt4o,0.2,0.0,2025-02-20_22-30-57,45.0,205.0,0.15,50.0,0.6833333333333333,0.1666666666666666,2.0,4.1752,opponent_transition_stay,37.9
540,hm_llama3,0.2,5.0,2025-02-20_22-18-19,79.0,136.0,0.2633333333333333,85.0,0.4533333333333333,0.2833333333333333,6.0,0.0,prev_outcome_prev_transition,285.6
541,hm_llama3,0.2,5.0,2025-02-21_03-03-57,81.0,120.0,0.27,99.0,0.4,0.33,7.0,0.0,prev_outcome_prev_transition,292.3
542,hm_llama3,0.2,5.0,2025-02-21_07-56-15,88.0,130.0,0.2933333333333333,82.0,0.4333333333333333,0.2733333333333333,8.0,0.0,prev_outcome_prev_transition,288.3
543,hm_llama3,0.2,5.0,2025-02-21_12-44-37,75.0,132.0,0.25,93.0,0.44,0.31,9.0,0.0,prev_outcome_prev_transition,287.9
544,hm_pattern_recog_gpt4o,0.2,5.0,2025-04-09_22-13-34,250.0,24.0,0.8333333333333334,26.0,0.08,0.0866666666666666,,8.8933,self_transition_up,75.5
545,hm_pattern_recog_gpt4o,0.2,5.0,2025-04-09_22-47-24,261.0,22.0,0.87,17.0,0.0733333333333333,0.0566666666666666,0.0,6.145,self_transition_up,58.4
546,hm_pattern_recog_gpt4o,0.2,5.0,2025-04-09_23-45-52,256.0,23.0,0.8533333333333334,21.0,0.0766666666666666,0.07,0.0,7.7712,self_transition_down,72.7
547,hm_pattern_recog_gpt4o,0.2,5.0,2025-04-10_00-58-33,117.0,100.0,0.39,83.0,0.3333333333333333,0.2766666666666666,0.0,17.881,opponent_transition_up,128.1
548,hm_pattern_recog_gpt4o,0.2,5.0,2025-04-10_03-06-42,100.0,81.0,0.3333333333333333,119.0,0.27,0.3966666666666666,0.0,21.0148,opponent_transition_stay,126.2
549,hm_pattern_recog_gpt4o,0.2,5.0,2025-04-10_05-12-56,114.0,90.0,0.38,96.0,0.3,0.32,0.0,20.2551,W_up_L_down_T_stay,129.5
550,hm_pattern_recog_gpt4o,0.2,5.0,2025-04-10_07-22-27,187.0,59.0,0.6233333333333333,54.0,0.1966666666666666,0.18,0.0,12.3921,W_stay_L_up_T_down,85.6
551,hm_pattern_recog_gpt4o,0.2,5.0,2025-04-11_10-33-16,92.0,109.0,0.30666666666666664,99.0,0.36333333333333334,0.33,0.0,18.0194,prev_outcome_prev_transition,134.5
